identifier,species
NC_007366.1,Influenza_A_virus_(A/New_York/392/2004(H3N2))_segment_4
NC_007605.1,Human_gammaherpesvirus_4
NC_001806.2,Human_herpesvirus_1_strain_17
NC_001798.2,Human_herpesvirus_2_strain_HG52
NC_001348.1,Human_herpesvirus_3
NC_006273.2,Human_herpesvirus_5_strain_Merlin
NC_001664.4,Human_betaherpesvirus_6A
NC_000898.1,Human_herpesvirus_6B
NC_001716.2,Human_herpesvirus_7
NC_009333.1,Human_herpesvirus_8_strain_GK18
NC_001802.1,Human_immunodeficiency_virus_1
NC_001405.1,Human_adenovirus_C
NC_003310.1,Monkeypox_virus
NC_004107.1,Woodchuck_hepatitis_virus
PQ754194,Alphatorquevirus_homin13_PQ754194
PQ753973,Alphatorquevirus_homin15_PQ753973
PQ754146,Alphatorquevirus_homin17_PQ754146
PV679853,Alphatorquevirus_homin17_PV679853
OZ258655,Alphatorquevirus_homin18_OZ258655
PQ753971,Alphatorquevirus_homin18_PQ753971
PQ753985,Alphatorquevirus_homin18_PQ753985
PQ754120,Alphatorquevirus_homin18_PQ754120
PQ753982,Alphatorquevirus_homin19_PQ753982
OZ258766,Alphatorquevirus_homin20_OZ258766
OZ258994,Alphatorquevirus_homin20_OZ258994
PQ754009,Alphatorquevirus_homin20_PQ754009
PQ754143,Alphatorquevirus_homin20_PQ754143
OZ258652,Alphatorquevirus_homin21/24_OZ258652
OZ258692,Alphatorquevirus_homin21/24_OZ258692
OZ258800,Alphatorquevirus_homin21/24_OZ258800
PQ754084,Alphatorquevirus_homin21/24_PQ754084
PQ754110,Alphatorquevirus_homin21/24_PQ754110
PQ754183,Alphatorquevirus_homin21/24_PQ754183
PV113265,Alphatorquevirus_homin21/24_PV113265
PV113273,Alphatorquevirus_homin21/24_PV113273
PV555140,Alphatorquevirus_homin21/24_PV555140
OZ258632,Alphatorquevirus_homin29_OZ258632
OZ258665,Alphatorquevirus_homin29_OZ258665
OZ258693,Alphatorquevirus_homin29_OZ258693
OZ258816,Alphatorquevirus_homin29_OZ258816
PQ753989,Alphatorquevirus_homin29_PQ753989
PQ754043,Alphatorquevirus_homin29_PQ754043
PQ754048,Alphatorquevirus_homin29_PQ754048
PV113254,Alphatorquevirus_homin29_PV113254
PQ754066,Alphatorquevirus_homin3_PQ754066
PV555146,Alphatorquevirus_homin3_PV555146
OZ258678,Alphatorquevirus_homin47_OZ258678
PQ754151,Alphatorquevirus_homin5_PQ754151
PV113289,Alphatorquevirus_homin5_PV113289
OZ258710,Alphatorquevirus_homin7_OZ258710
PQ754040,Alphatorquevirus_homin9/10_PQ754040
PV679871,Alphatorquevirus_homin9/10_PV679871
PV679874,Alphatorquevirus_homin9/10_PV679874
BK069233,Alphatorquevirus_homin3_BK069233
BK069601,Alphatorquevirus_homin3_BK069601
BK069627,Alphatorquevirus_homin3_BK069627
MN765375,Alphatorquevirus_homin3_MN765375
MN765470,Alphatorquevirus_homin3_MN765470
MW455423,Alphatorquevirus_homin3_MW455423
PP374833,Alphatorquevirus_homin3_PP374833
PP816561,Alphatorquevirus_homin3_PP816561
BK069071,Alphatorquevirus_homin5_BK069071
BK069668,Alphatorquevirus_homin5_BK069668
MN765975,Alphatorquevirus_homin5_MN765975
MZ969102,Alphatorquevirus_homin5_MZ969102
AF122920,Alphatorquevirus_homin1_AF122920
AB030486,Alphatorquevirus_homin1_AB030486
AB030487,Alphatorquevirus_homin1_AB030487
BK069470,Alphatorquevirus_homin1_BK069470
MN767058,Alphatorquevirus_homin1_MN767058
MN767000,Alphatorquevirus_homin1_MN767000
MN767069,Alphatorquevirus_homin1_MN767069
MZ824803,Alphatorquevirus_homin1_MZ824803
MZ824822,Alphatorquevirus_homin1_MZ824822
AF122918,Alphatorquevirus_homin1_AF122918
AF129887,Alphatorquevirus_homin1_AF129887
MW455432,Alphatorquevirus_homin1_MW455432
PQ580982,Alphatorquevirus_homin1_PQ580982
AB041007,Alphatorquevirus_homin1_AB041007
MN767003,Alphatorquevirus_homin1_MN767003
AB049608,Alphatorquevirus_homin2_AB049608
MN765320,Alphatorquevirus_homin3_MN765320
MN765322,Alphatorquevirus_homin3_MN765322
MN765326,Alphatorquevirus_homin3_MN765326
MN765328,Alphatorquevirus_homin3_MN765328
MN765331,Alphatorquevirus_homin3_MN765331
MN765342,Alphatorquevirus_homin3_MN765342
MN765352,Alphatorquevirus_homin3_MN765352
MN765358,Alphatorquevirus_homin3_MN765358
MN765366,Alphatorquevirus_homin3_MN765366
MN765390,Alphatorquevirus_homin3_MN765390
MN765400,Alphatorquevirus_homin3_MN765400
MN765401,Alphatorquevirus_homin3_MN765401
MN765406,Alphatorquevirus_homin3_MN765406
MN765489,Alphatorquevirus_homin3_MN765489
MN765511,Alphatorquevirus_homin3_MN765511
MZ286107,Alphatorquevirus_homin3_MZ286107
MZ824892,Alphatorquevirus_homin3_MZ824892
MZ824918,Alphatorquevirus_homin3_MZ824918
MZ969084,Alphatorquevirus_homin3_MZ969084
PP816522,Alphatorquevirus_homin3_PP816522
PP856745,Alphatorquevirus_homin3_PP856745
PP856922,Alphatorquevirus_homin3_PP856922
MN765333,Alphatorquevirus_homin3_MN765333
MN765388,Alphatorquevirus_homin3_MN765388
MW455369,Alphatorquevirus_homin3_MW455369
AB041957,Alphatorquevirus_homin4_AB041957
MN765200,Alphatorquevirus_homin5_MN765200
MN765984,Alphatorquevirus_homin5_MN765984
MN765994,Alphatorquevirus_homin5_MN765994
MN766095,Alphatorquevirus_homin5_MN766095
MN767726,Alphatorquevirus_homin5_MN767726
MN767727,Alphatorquevirus_homin5_MN767727
MN767728,Alphatorquevirus_homin5_MN767728
MN767730,Alphatorquevirus_homin5_MN767730
MN767816,Alphatorquevirus_homin5_MN767816
MN767827,Alphatorquevirus_homin5_MN767827
MN767833,Alphatorquevirus_homin5_MN767833
MN767941,Alphatorquevirus_homin5_MN767941
MN767950,Alphatorquevirus_homin5_MN767950
MN767974,Alphatorquevirus_homin5_MN767974
MW857571,Alphatorquevirus_homin5_MW857571
MZ285981,Alphatorquevirus_homin5_MZ285981
MZ969480,Alphatorquevirus_homin5_MZ969480
OP721143,Alphatorquevirus_homin5_OP721143
AF315076,Alphatorquevirus_homin5_AF315076
PP856747,Alphatorquevirus_homin47_PP856747
PP856925,Alphatorquevirus_homin47_PP856925
MN765855,Alphatorquevirus_homin47_MN765855
PQ580965,Alphatorquevirus_homin3_PQ580965
PV013035,Alphatorquevirus_homin3_PV013035
PQ580943,Alphatorquevirus_homin5_PQ580943
PV013041,Alphatorquevirus_homin5_PV013041
BK069631,Alphatorquevirus_homin3_BK069631
MN765351,Alphatorquevirus_homin3_MN765351
BK069246,Alphatorquevirus_homin37_BK069246
BK069807,Alphatorquevirus_homin37_BK069807
MN767642,Alphatorquevirus_homin37_MN767642
MN768111,Alphatorquevirus_homin37_MN768111
BK069181,Alphatorquevirus_homin7_BK069181
MN767689,Alphatorquevirus_homin7_MN767689
MN767473,Alphatorquevirus_homin6_MN767473
MN767724,Alphatorquevirus_homin6_MN767724
MZ285973,Alphatorquevirus_homin6_MZ285973
MN116509,Alphatorquevirus_homin6_MN116509
MN765198,Alphatorquevirus_homin7_MN765198
MN767090,Alphatorquevirus_homin7_MN767090
MN767102,Alphatorquevirus_homin7_MN767102
MN767104,Alphatorquevirus_homin7_MN767104
MN767106,Alphatorquevirus_homin7_MN767106
MN767107,Alphatorquevirus_homin7_MN767107
MN767110,Alphatorquevirus_homin7_MN767110
MN767122,Alphatorquevirus_homin7_MN767122
MN767123,Alphatorquevirus_homin7_MN767123
MN767135,Alphatorquevirus_homin7_MN767135
MN767136,Alphatorquevirus_homin7_MN767136
MN767282,Alphatorquevirus_homin7_MN767282
MN767450,Alphatorquevirus_homin7_MN767450
MN767464,Alphatorquevirus_homin7_MN767464
MN767494,Alphatorquevirus_homin7_MN767494
MN767496,Alphatorquevirus_homin7_MN767496
MN767528,Alphatorquevirus_homin7_MN767528
MN767540,Alphatorquevirus_homin7_MN767540
MZ824811,Alphatorquevirus_homin7_MZ824811
MZ824948,Alphatorquevirus_homin7_MZ824948
LC385662,Alphatorquevirus_homin7_LC385662
MN767242,Alphatorquevirus_homin7_MN767242
AB054648,Alphatorquevirus_homin7_AB054648
AJ620212,Alphatorquevirus_homin35_AJ620212
OL548867,Alphatorquevirus_homin36_OL548867
OL548868,Alphatorquevirus_homin36_OL548868
MN767089,Alphatorquevirus_homin37_MN767089
MN767091,Alphatorquevirus_homin37_MN767091
MN767096,Alphatorquevirus_homin37_MN767096
MN767449,Alphatorquevirus_homin37_MN767449
OK574416,Alphatorquevirus_homin37_OK574416
MN767097,Alphatorquevirus_homin37_MN767097
MN767679,Alphatorquevirus_homin37_MN767679
MN767284,Alphatorquevirus_homin38_MN767284
BK069066,Alphatorquevirus_homin13_BK069066
BK069630,Alphatorquevirus_homin13_BK069630
MZ824794,Alphatorquevirus_homin13_MZ824794
PP816328,Alphatorquevirus_homin13_PP816328
PP816404,Alphatorquevirus_homin13_PP816404
PV013224,Alphatorquevirus_homin13_PV013224
MN767156,Alphatorquevirus_homin13_MN767156
MN767160,Alphatorquevirus_homin13_MN767160
MN767173,Alphatorquevirus_homin13_MN767173
MN767175,Alphatorquevirus_homin13_MN767175
MZ286063,Alphatorquevirus_homin13_MZ286063
MZ286102,Alphatorquevirus_homin13_MZ286102
MZ286114,Alphatorquevirus_homin13_MZ286114
MZ286123,Alphatorquevirus_homin13_MZ286123
MZ286215,Alphatorquevirus_homin13_MZ286215
MZ824850,Alphatorquevirus_homin13_MZ824850
MZ824935,Alphatorquevirus_homin13_MZ824935
MZ824996,Alphatorquevirus_homin13_MZ824996
OL694824,Alphatorquevirus_homin13_OL694824
OQ064581,Alphatorquevirus_homin13_OQ064581
PP816405,Alphatorquevirus_homin13_PP816405
PP816553,Alphatorquevirus_homin13_PP816553
PP856754,Alphatorquevirus_homin13_PP856754
PP856755,Alphatorquevirus_homin13_PP856755
PP856757,Alphatorquevirus_homin13_PP856757
PP856937,Alphatorquevirus_homin13_PP856937
PP856945,Alphatorquevirus_homin13_PP856945
AY823989,Alphatorquevirus_homin13_AY823989
MN767185,Alphatorquevirus_homin13_MN767185
MN768044,Alphatorquevirus_homin13_MN768044
PP374832,Alphatorquevirus_homin13_PP374832
MZ285974,Alphatorquevirus_homin13_MZ285974
AB037926,Alphatorquevirus_homin14_AB037926
BK069279,Alphatorquevirus_homin19_BK069279
BK069611,Alphatorquevirus_homin19_BK069611
MN765724,Alphatorquevirus_homin19_MN765724
MN766587,Alphatorquevirus_homin19_MN766587
PV013051,Alphatorquevirus_homin19_PV013051
AF345527,Alphatorquevirus_homin20_AF345527
BK069074,Alphatorquevirus_homin20_BK069074
BK069077,Alphatorquevirus_homin20_BK069077
BK069079,Alphatorquevirus_homin20_BK069079
BK069096,Alphatorquevirus_homin20_BK069096
BK069155,Alphatorquevirus_homin20_BK069155
BK069184,Alphatorquevirus_homin20_BK069184
BK069213,Alphatorquevirus_homin20_BK069213
BK069746,Alphatorquevirus_homin20_BK069746
MN766394,Alphatorquevirus_homin20_MN766394
PP816580,Alphatorquevirus_homin20_PP816580
MN765195,Alphatorquevirus_homin19_MN765195
MN765247,Alphatorquevirus_homin19_MN765247
MN765716,Alphatorquevirus_homin19_MN765716
MN766421,Alphatorquevirus_homin19_MN766421
MN766495,Alphatorquevirus_homin19_MN766495
MN766500,Alphatorquevirus_homin19_MN766500
MN766506,Alphatorquevirus_homin19_MN766506
MN766517,Alphatorquevirus_homin19_MN766517
MN766522,Alphatorquevirus_homin19_MN766522
MN766535,Alphatorquevirus_homin19_MN766535
MN766569,Alphatorquevirus_homin19_MN766569
MN766583,Alphatorquevirus_homin19_MN766583
MN766595,Alphatorquevirus_homin19_MN766595
MN766621,Alphatorquevirus_homin19_MN766621
MN766654,Alphatorquevirus_homin19_MN766654
MZ969114,Alphatorquevirus_homin19_MZ969114
OM030360,Alphatorquevirus_homin19_OM030360
PP816431,Alphatorquevirus_homin19_PP816431
PP856957,Alphatorquevirus_homin19_PP856957
AB038619,Alphatorquevirus_homin19_AB038619
MN765731,Alphatorquevirus_homin19_MN765731
MW455392,Alphatorquevirus_homin19_MW455392
MN765197,Alphatorquevirus_homin20_MN765197
MN765202,Alphatorquevirus_homin20_MN765202
MN765263,Alphatorquevirus_homin20_MN765263
MN765279,Alphatorquevirus_homin20_MN765279
MN765683,Alphatorquevirus_homin20_MN765683
MN765733,Alphatorquevirus_homin20_MN765733
MN766382,Alphatorquevirus_homin20_MN766382
MN766383,Alphatorquevirus_homin20_MN766383
MN766389,Alphatorquevirus_homin20_MN766389
MN766486,Alphatorquevirus_homin20_MN766486
MN766509,Alphatorquevirus_homin20_MN766509
MN766662,Alphatorquevirus_homin20_MN766662
MN766663,Alphatorquevirus_homin20_MN766663
MN766670,Alphatorquevirus_homin20_MN766670
MN766671,Alphatorquevirus_homin20_MN766671
MN766678,Alphatorquevirus_homin20_MN766678
MN766697,Alphatorquevirus_homin20_MN766697
MW660799,Alphatorquevirus_homin20_MW660799
MZ285987,Alphatorquevirus_homin20_MZ285987
MZ286129,Alphatorquevirus_homin20_MZ286129
MZ286135,Alphatorquevirus_homin20_MZ286135
MZ824802,Alphatorquevirus_homin20_MZ824802
OP721121,Alphatorquevirus_homin20_OP721121
PP856783,Alphatorquevirus_homin20_PP856783
MN765285,Alphatorquevirus_homin20_MN765285
MN765952,Alphatorquevirus_homin20_MN765952
MN766384,Alphatorquevirus_homin20_MN766384
MN766406,Alphatorquevirus_homin20_MN766406
KP343846,Alphatorquevirus_homin20_KP343846
PP374829,Alphatorquevirus_homin19_PP374829
PP856956,Alphatorquevirus_homin19_PP856956
PV013054,Alphatorquevirus_homin19_PV013054
MN766644,Alphatorquevirus_homin19_MN766644
MH649210,Alphatorquevirus_homin19_MH649210
PP374831,Alphatorquevirus_homin20_PP374831
PQ580911,Alphatorquevirus_homin20_PQ580911
PQ581008,Alphatorquevirus_homin20_PQ581008
PV013060,Alphatorquevirus_homin20_PV013060
AB050448,Alphatorquevirus_homin21/24_AB050448
AB060596,Alphatorquevirus_homin21/24_AB060596
AX174942,Alphatorquevirus_homin21/24_AX174942
BK069149,Alphatorquevirus_homin21/24_BK069149
BK069214,Alphatorquevirus_homin21/24_BK069214
BK069483,Alphatorquevirus_homin21/24_BK069483
BK069550,Alphatorquevirus_homin21/24_BK069550
BK069688,Alphatorquevirus_homin21/24_BK069688
BK069759,Alphatorquevirus_homin21/24_BK069759
FR751476,Alphatorquevirus_homin21/24_FR751476
MH648925,Alphatorquevirus_homin21/24_MH648925
MN765591,Alphatorquevirus_homin21/24_MN765591
MN765925,Alphatorquevirus_homin21/24_MN765925
MN768160,Alphatorquevirus_homin21/24_MN768160
MW455345,Alphatorquevirus_homin21/24_MW455345
MW455348,Alphatorquevirus_homin21/24_MW455348
MZ969144,Alphatorquevirus_homin21/24_MZ969144
PP856815,Alphatorquevirus_homin21/24_PP856815
PP856987,Alphatorquevirus_homin21/24_PP856987
PV013229,Alphatorquevirus_homin21/24_PV013229
AB049607,Alphatorquevirus_homin23_AB049607
KT163906,Alphatorquevirus_homin21/24_KT163906
MN765542,Alphatorquevirus_homin21/24_MN765542
MN765571,Alphatorquevirus_homin21/24_MN765571
MN765588,Alphatorquevirus_homin21/24_MN765588
MN765589,Alphatorquevirus_homin21/24_MN765589
MN765594,Alphatorquevirus_homin21/24_MN765594
MN765600,Alphatorquevirus_homin21/24_MN765600
MN765777,Alphatorquevirus_homin21/24_MN765777
MN765789,Alphatorquevirus_homin21/24_MN765789
MN765792,Alphatorquevirus_homin21/24_MN765792
MN765800,Alphatorquevirus_homin21/24_MN765800
MN765807,Alphatorquevirus_homin21/24_MN765807
MN765809,Alphatorquevirus_homin21/24_MN765809
MN765860,Alphatorquevirus_homin21/24_MN765860
MN765861,Alphatorquevirus_homin21/24_MN765861
MN765949,Alphatorquevirus_homin21/24_MN765949
MN766131,Alphatorquevirus_homin21/24_MN766131
MN766135,Alphatorquevirus_homin21/24_MN766135
MZ285970,Alphatorquevirus_homin21/24_MZ285970
MZ285982,Alphatorquevirus_homin21/24_MZ285982
MZ286074,Alphatorquevirus_homin21/24_MZ286074
MZ286101,Alphatorquevirus_homin21/24_MZ286101
MZ286105,Alphatorquevirus_homin21/24_MZ286105
MZ286161,Alphatorquevirus_homin21/24_MZ286161
OL694805,Alphatorquevirus_homin21/24_OL694805
OL694823,Alphatorquevirus_homin21/24_OL694823
OL694830,Alphatorquevirus_homin21/24_OL694830
OM030361,Alphatorquevirus_homin21/24_OM030361
OP985293,Alphatorquevirus_homin21/24_OP985293
OP985294,Alphatorquevirus_homin21/24_OP985294
OQ064587,Alphatorquevirus_homin21/24_OQ064587
OQ064601,Alphatorquevirus_homin21/24_OQ064601
PP816381,Alphatorquevirus_homin21/24_PP816381
PP816397,Alphatorquevirus_homin21/24_PP816397
PP816400,Alphatorquevirus_homin21/24_PP816400
PP816434,Alphatorquevirus_homin21/24_PP816434
PP816463,Alphatorquevirus_homin21/24_PP816463
PP816488,Alphatorquevirus_homin21/24_PP816488
PP816566,Alphatorquevirus_homin21/24_PP816566
PP856800,Alphatorquevirus_homin21/24_PP856800
PP856810,Alphatorquevirus_homin21/24_PP856810
PP856814,Alphatorquevirus_homin21/24_PP856814
PP856972,Alphatorquevirus_homin21/24_PP856972
PP856991,Alphatorquevirus_homin21/24_PP856991
PP856992,Alphatorquevirus_homin21/24_PP856992
PP856995,Alphatorquevirus_homin21/24_PP856995
AF348409,Alphatorquevirus_homin21/24_AF348409
MN765782,Alphatorquevirus_homin21/24_MN765782
MN768074,Alphatorquevirus_homin21/24_MN768074
OL548866,Alphatorquevirus_homin21/24_OL548866
KT163887,Alphatorquevirus_homin21/24_KT163887
MW455351,Alphatorquevirus_homin21/24_MW455351
AB060597,Alphatorquevirus_homin21/24_AB060597
FJ426280,Alphatorquevirus_homin21/24_FJ426280
MN765560,Alphatorquevirus_homin21/24_MN765560
MN765669,Alphatorquevirus_homin21/24_MN765669
MN768022,Alphatorquevirus_homin21/24_MN768022
MW679003,Alphatorquevirus_homin21/24_MW679003
MN765936,Alphatorquevirus_homin21/24_MN765936
ON706339,Alphatorquevirus_homin23_ON706339
PP374828,Alphatorquevirus_homin21/24_PP374828
PQ580923,Alphatorquevirus_homin21/24_PQ580923
PQ580924,Alphatorquevirus_homin21/24_PQ580924
PQ580956,Alphatorquevirus_homin21/24_PQ580956
PQ580961,Alphatorquevirus_homin21/24_PQ580961
PQ581001,Alphatorquevirus_homin21/24_PQ581001
PQ581005,Alphatorquevirus_homin21/24_PQ581005
PV013172,Alphatorquevirus_homin21/24_PV013172
MN765781,Alphatorquevirus_homin21/24_MN765781
MN767139,Alphatorquevirus_homin21/24_MN767139
BK069050,Alphatorquevirus_homin15_BK069050
BK069471,Alphatorquevirus_homin15_BK069471
OM030362,Alphatorquevirus_homin15_OM030362
MN766947,Alphatorquevirus_homin16_MN766947
BK069062,Alphatorquevirus_homin17_BK069062
BK069188,Alphatorquevirus_homin17_BK069188
MN766156,Alphatorquevirus_homin18_MN766156
MN767877,Alphatorquevirus_homin18_MN767877
MZ285985,Alphatorquevirus_homin18_MZ285985
MZ969200,Alphatorquevirus_homin18_MZ969200
PP816440,Alphatorquevirus_homin18_PP816440
PP816445,Alphatorquevirus_homin18_PP816445
PP856854,Alphatorquevirus_homin18_PP856854
HM449773,Alphatorquevirus_homin15_HM449773
MN767719,Alphatorquevirus_homin15_MN767719
MN767723,Alphatorquevirus_homin15_MN767723
MN767934,Alphatorquevirus_homin15_MN767934
MW660796,Alphatorquevirus_homin15_MW660796
MZ824777,Alphatorquevirus_homin15_MZ824777
PP816450,Alphatorquevirus_homin15_PP816450
AB059352,Alphatorquevirus_homin15_AB059352
MN766759,Alphatorquevirus_homin17_MN766759
MN766763,Alphatorquevirus_homin17_MN766763
MN766764,Alphatorquevirus_homin17_MN766764
MN766767,Alphatorquevirus_homin17_MN766767
MN766768,Alphatorquevirus_homin17_MN766768
MN766782,Alphatorquevirus_homin17_MN766782
MN766793,Alphatorquevirus_homin17_MN766793
MN767287,Alphatorquevirus_homin17_MN767287
OK574378,Alphatorquevirus_homin17_OK574378
PP816366,Alphatorquevirus_homin17_PP816366
PP856833,Alphatorquevirus_homin17_PP856833
MN766152,Alphatorquevirus_homin18_MN766152
MN766169,Alphatorquevirus_homin18_MN766169
MN766174,Alphatorquevirus_homin18_MN766174
MN766177,Alphatorquevirus_homin18_MN766177
MN766188,Alphatorquevirus_homin18_MN766188
MN766270,Alphatorquevirus_homin18_MN766270
MN766287,Alphatorquevirus_homin18_MN766287
PP816443,Alphatorquevirus_homin18_PP816443
PP856836,Alphatorquevirus_homin18_PP856836
PP856838,Alphatorquevirus_homin18_PP856838
PP856841,Alphatorquevirus_homin18_PP856841
PP856855,Alphatorquevirus_homin18_PP856855
PP856858,Alphatorquevirus_homin18_PP856858
MN766885,Alphatorquevirus_homin16_MN766885
MN767296,Alphatorquevirus_homin16_MN767296
OP882566,Alphatorquevirus_homin16_OP882566
MK452766,Alphatorquevirus_homin16_MK452766
MN766108,Alphatorquevirus_homin42_MN766108
MN766119,Alphatorquevirus_homin42_MN766119
OL694810,Alphatorquevirus_homin42_OL694810
OQ064593,Alphatorquevirus_homin42_OQ064593
PP856861,Alphatorquevirus_homin42_PP856861
PQ580946,Alphatorquevirus_homin16_PQ580946
PV013187,Alphatorquevirus_homin17_PV013187
MN766189,Alphatorquevirus_homin18_MN766189
PV013084,Alphatorquevirus_homin18_PV013084
PV013088,Alphatorquevirus_homin18_PV013088
PV013193,Alphatorquevirus_homin18_PV013193
MN766931,Alphatorquevirus_homin16_MN766931
KT163885,Alphatorquevirus_homin15_KT163885
AB064598,Alphatorquevirus_homin29_AB064598
MN768278,Alphatorquevirus_homin29_MN768278
MN768324,Alphatorquevirus_homin29_MN768324
MN768327,Alphatorquevirus_homin29_MN768327
MZ825027,Alphatorquevirus_homin29_MZ825027
PP856887,Alphatorquevirus_homin29_PP856887
PP857033,Alphatorquevirus_homin29_PP857033
KP343839,Alphatorquevirus_homin29_KP343839
MN768181,Alphatorquevirus_homin29_MN768181
MN768185,Alphatorquevirus_homin29_MN768185
MN768186,Alphatorquevirus_homin29_MN768186
MN768192,Alphatorquevirus_homin29_MN768192
MN768194,Alphatorquevirus_homin29_MN768194
MN768195,Alphatorquevirus_homin29_MN768195
MN768202,Alphatorquevirus_homin29_MN768202
MN768238,Alphatorquevirus_homin29_MN768238
MN768245,Alphatorquevirus_homin29_MN768245
MN768249,Alphatorquevirus_homin29_MN768249
MN768269,Alphatorquevirus_homin29_MN768269
MN768284,Alphatorquevirus_homin29_MN768284
MN768289,Alphatorquevirus_homin29_MN768289
MN768292,Alphatorquevirus_homin29_MN768292
MN768318,Alphatorquevirus_homin29_MN768318
MN768328,Alphatorquevirus_homin29_MN768328
MN768389,Alphatorquevirus_homin29_MN768389
MN768439,Alphatorquevirus_homin29_MN768439
MN768541,Alphatorquevirus_homin29_MN768541
MW660800,Alphatorquevirus_homin29_MW660800
MZ285989,Alphatorquevirus_homin29_MZ285989
MZ286093,Alphatorquevirus_homin29_MZ286093
MZ286186,Alphatorquevirus_homin29_MZ286186
MZ969127,Alphatorquevirus_homin29_MZ969127
PP816537,Alphatorquevirus_homin29_PP816537
PP816541,Alphatorquevirus_homin29_PP816541
MN768176,Alphatorquevirus_homin29_MN768176
AB064603,Alphatorquevirus_homin29_AB064603
MN768172,Alphatorquevirus_homin27_MN768172
MN768302,Alphatorquevirus_homin27_MN768302
MN768303,Alphatorquevirus_homin27_MN768303
PP816412,Alphatorquevirus_homin27_PP816412
AB064595,Alphatorquevirus_homin27_AB064595
PV013096,Alphatorquevirus_homin29_PV013096
PV013098,Alphatorquevirus_homin29_PV013098
PV013104,Alphatorquevirus_homin29_PV013104
MN768376,Alphatorquevirus_homin29_MN768376
MN768288,Alphatorquevirus_homin29_MN768288
BK069183,Alphatorquevirus_homin40_BK069183
MN767541,Alphatorquevirus_homin40_MN767541
BK069076,Alphatorquevirus_homin9/10_BK069076
BK069088,Alphatorquevirus_homin9/10_BK069088
BK069156,Alphatorquevirus_homin9/10_BK069156
BK069195,Alphatorquevirus_homin9/10_BK069195
BK069198,Alphatorquevirus_homin9/10_BK069198
BK069576,Alphatorquevirus_homin9/10_BK069576
BK069608,Alphatorquevirus_homin9/10_BK069608
BK069669,Alphatorquevirus_homin9/10_BK069669
GU797360,Alphatorquevirus_homin9/10_GU797360
MN767314,Alphatorquevirus_homin9/10_MN767314
MN767349,Alphatorquevirus_homin9/10_MN767349
MN767513,Alphatorquevirus_homin9/10_MN767513
OQ064596,Alphatorquevirus_homin9/10_OQ064596
PP856899,Alphatorquevirus_homin9/10_PP856899
PP857047,Alphatorquevirus_homin9/10_PP857047
PV013109,Alphatorquevirus_homin9/10_PV013109
MN765954,Alphatorquevirus_homin9/10_MN765954
MN765955,Alphatorquevirus_homin9/10_MN765955
MN765960,Alphatorquevirus_homin9/10_MN765960
MN767245,Alphatorquevirus_homin9/10_MN767245
MN767247,Alphatorquevirus_homin9/10_MN767247
MN767252,Alphatorquevirus_homin9/10_MN767252
MN767271,Alphatorquevirus_homin9/10_MN767271
MN767321,Alphatorquevirus_homin9/10_MN767321
MN767323,Alphatorquevirus_homin9/10_MN767323
MN767326,Alphatorquevirus_homin9/10_MN767326
MN767327,Alphatorquevirus_homin9/10_MN767327
MN767331,Alphatorquevirus_homin9/10_MN767331
MN767334,Alphatorquevirus_homin9/10_MN767334
MN767337,Alphatorquevirus_homin9/10_MN767337
MN767339,Alphatorquevirus_homin9/10_MN767339
MN767342,Alphatorquevirus_homin9/10_MN767342
MN767343,Alphatorquevirus_homin9/10_MN767343
MN767344,Alphatorquevirus_homin9/10_MN767344
MN767350,Alphatorquevirus_homin9/10_MN767350
MN767366,Alphatorquevirus_homin9/10_MN767366
MN767374,Alphatorquevirus_homin9/10_MN767374
MN767375,Alphatorquevirus_homin9/10_MN767375
MN767382,Alphatorquevirus_homin9/10_MN767382
MN767384,Alphatorquevirus_homin9/10_MN767384
MN767399,Alphatorquevirus_homin9/10_MN767399
MN767404,Alphatorquevirus_homin9/10_MN767404
MN767427,Alphatorquevirus_homin9/10_MN767427
MN767434,Alphatorquevirus_homin9/10_MN767434
MN767441,Alphatorquevirus_homin9/10_MN767441
MN767481,Alphatorquevirus_homin9/10_MN767481
MN767490,Alphatorquevirus_homin9/10_MN767490
MN767525,Alphatorquevirus_homin9/10_MN767525
MN767744,Alphatorquevirus_homin9/10_MN767744
MN767748,Alphatorquevirus_homin9/10_MN767748
MN767751,Alphatorquevirus_homin9/10_MN767751
MN767769,Alphatorquevirus_homin9/10_MN767769
MN767782,Alphatorquevirus_homin9/10_MN767782
MN767850,Alphatorquevirus_homin9/10_MN767850
MN767858,Alphatorquevirus_homin9/10_MN767858
MN768122,Alphatorquevirus_homin9/10_MN768122
MZ286017,Alphatorquevirus_homin9/10_MZ286017
MZ286181,Alphatorquevirus_homin9/10_MZ286181
MZ825018,Alphatorquevirus_homin9/10_MZ825018
MZ969176,Alphatorquevirus_homin9/10_MZ969176
PP816531,Alphatorquevirus_homin9/10_PP816531
PP856892,Alphatorquevirus_homin9/10_PP856892
PP856903,Alphatorquevirus_homin9/10_PP856903
PP857049,Alphatorquevirus_homin9/10_PP857049
PP857056,Alphatorquevirus_homin9/10_PP857056
PP857061,Alphatorquevirus_homin9/10_PP857061
PP857063,Alphatorquevirus_homin9/10_PP857063
AB064607,Alphatorquevirus_homin9/10_AB064607
MN767676,Alphatorquevirus_homin9/10_MN767676
AB064604,Alphatorquevirus_homin9/10_AB064604
KP343843,Alphatorquevirus_homin9/10_KP343843
MN767248,Alphatorquevirus_homin9/10_MN767248
MN767258,Alphatorquevirus_homin9/10_MN767258
MN767406,Alphatorquevirus_homin9/10_MN767406
MN767521,Alphatorquevirus_homin9/10_MN767521
MN767534,Alphatorquevirus_homin40_MN767534
MZ286062,Alphatorquevirus_homin40_MZ286062
PV013107,Alphatorquevirus_homin40_PV013107
PQ580919,Alphatorquevirus_homin9/10_PQ580919
PQ580980,Alphatorquevirus_homin9/10_PQ580980
PQ580992,Alphatorquevirus_homin9/10_PQ580992
PQ580994,Alphatorquevirus_homin9/10_PQ580994
PQ581020,Alphatorquevirus_homin9/10_PQ581020
PV013198,Alphatorquevirus_homin9/10_PV013198
BK069556,Alphatorquevirus_homin9/10_BK069556
FJ392105,Alphatorquevirus_homin32_FJ392105
MN767199,Alphatorquevirus_homin32_MN767199
MW660797,Alphatorquevirus_homin32_MW660797
OL694836,Alphatorquevirus_homin32_OL694836
PP856905,Alphatorquevirus_homin32_PP856905
KT163896,Alphatorquevirus_homin32_KT163896
MN767221,Alphatorquevirus_homin32_MN767221
BK069151,Alphatorquevirus_homin31_BK069151
MN765205,Alphatorquevirus_homin31_MN765205
MN765208,Alphatorquevirus_homin31_MN765208
MN765232,Alphatorquevirus_homin31_MN765232
MN765238,Alphatorquevirus_homin31_MN765238
PP816486,Alphatorquevirus_homin31_PP816486
FJ392117,Alphatorquevirus_homin31_FJ392117
MN766849,Alphatorquevirus_homin31_MN766849
MN766980,Alphatorquevirus_homin31_MN766980
PQ580931,Alphatorquevirus_homin31_PQ580931
PQ580954,Alphatorquevirus_homin31_PQ580954
KP296856,Alphatorquevirus_cerco2_KP296856
KP296857,Alphatorquevirus_cerco1_KP296857
KP296853,Alphatorquevirus_cerco3_KP296853
KP296854,Alphatorquevirus_cerco5_KP296854
AB041959,Alphatorquevirus_cerco7_AB041959
AB041958,Alphatorquevirus_cerco6_AB041958
KP296855,Alphatorquevirus_cerco4_KP296855
OZ258650,Betatorquevirus_homini1_OZ258650
PQ753991,Betatorquevirus_homini1_PQ753991
PQ753993,Betatorquevirus_homini1_PQ753993
PQ754005,Betatorquevirus_homini1_PQ754005
PQ754011,Betatorquevirus_homini1_PQ754011
PQ754016,Betatorquevirus_homini1_PQ754016
PQ754042,Betatorquevirus_homini1_PQ754042
PQ754077,Betatorquevirus_homini1_PQ754077
PQ754124,Betatorquevirus_homini1_PQ754124
PQ754154,Betatorquevirus_homini1_PQ754154
PQ754020,Betatorquevirus_homini10_PQ754020
PQ754085,Betatorquevirus_homini10_PQ754085
PQ754103,Betatorquevirus_homini10_PQ754103
PV679875,Betatorquevirus_homini101_PV679875
PQ754076,Betatorquevirus_homini107_PQ754076
PQ754068,Betatorquevirus_homini11_PQ754068
OZ258640,Betatorquevirus_homini20_OZ258640
OZ258764,Betatorquevirus_homini24_OZ258764
PQ754064,Betatorquevirus_homini29_PQ754064
PQ754175,Betatorquevirus_homini29_PQ754175
OZ258721,Betatorquevirus_homini302_OZ258721
PQ754158,Betatorquevirus_homini304_PQ754158
OZ258798,Betatorquevirus_homini306_OZ258798
PQ753998,Betatorquevirus_homini31_PQ753998
PQ754093,Betatorquevirus_homini32_PQ754093
PQ754026,Betatorquevirus_homini36_PQ754026
PQ754095,Betatorquevirus_homini36_PQ754095
PV679884,Betatorquevirus_homini37_PV679884
OZ258626,Betatorquevirus_homini38_OZ258626
PQ754010,Betatorquevirus_homini404_PQ754010
PQ754006,Betatorquevirus_homini406_PQ754006
PQ754090,Betatorquevirus_homini406_PQ754090
PQ754130,Betatorquevirus_homini406_PQ754130
PQ754171,Betatorquevirus_homini406_PQ754171
PQ754174,Betatorquevirus_homini406_PQ754174
PV113277,Betatorquevirus_homini406_PV113277
PV679880,Betatorquevirus_homini406_PV679880
PV113288,Betatorquevirus_homini410_PV113288
PQ754135,Betatorquevirus_homini413_PQ754135
OZ258725,Betatorquevirus_homini415_OZ258725
PQ754165,Betatorquevirus_homini415_PQ754165
PQ754168,Betatorquevirus_homini415_PQ754168
PQ754178,Betatorquevirus_homini415_PQ754178
PV679881,Betatorquevirus_homini415_PV679881
PV679882,Betatorquevirus_homini415_PV679882
PQ753990,Betatorquevirus_homini501_PQ753990
PQ754123,Betatorquevirus_homini501_PQ754123
PQ754129,Betatorquevirus_homini501_PQ754129
PQ754177,Betatorquevirus_homini501_PQ754177
PV679883,Betatorquevirus_homini501_PV679883
PQ753963,Betatorquevirus_homini7_PQ753963
PV679885,Betatorquevirus_homini701_PV679885
OZ258759,Betatorquevirus_homini903_OZ258759
PV679888,Betatorquevirus_homini909_PV679888
OZ258762,Betatorquevirus_homini916_OZ258762
OZ258741,Unclassified-TTMV-047K_OZ258741
AB026930,Betatorquevirus_homini1_AB026930
AB026931,Betatorquevirus_homini1_AB026931
AB038626,Betatorquevirus_homini1_AB038626
KP343847,Betatorquevirus_homini1_KP343847
KY462758,Betatorquevirus_homini1_KY462758
MH649011,Betatorquevirus_homini1_MH649011
MH649077,Betatorquevirus_homini1_MH649077
MH649254,Betatorquevirus_homini1_MH649254
MK212029,Betatorquevirus_homini1_MK212029
MN165097,Betatorquevirus_homini1_MN165097
MN165098,Betatorquevirus_homini1_MN165098
MN165104,Betatorquevirus_homini1_MN165104
MN249932,Betatorquevirus_homini1_MN249932
MN249933,Betatorquevirus_homini1_MN249933
MN768594,Betatorquevirus_homini1_MN768594
MN768637,Betatorquevirus_homini1_MN768637
MN768650,Betatorquevirus_homini1_MN768650
MN768656,Betatorquevirus_homini1_MN768656
MN768658,Betatorquevirus_homini1_MN768658
MN768823,Betatorquevirus_homini1_MN768823
MN768826,Betatorquevirus_homini1_MN768826
MN768886,Betatorquevirus_homini1_MN768886
MN768893,Betatorquevirus_homini1_MN768893
MN768941,Betatorquevirus_homini1_MN768941
MN768942,Betatorquevirus_homini1_MN768942
MN769012,Betatorquevirus_homini1_MN769012
MN769070,Betatorquevirus_homini1_MN769070
MN769084,Betatorquevirus_homini1_MN769084
MN769116,Betatorquevirus_homini1_MN769116
MN769144,Betatorquevirus_homini1_MN769144
MN769151,Betatorquevirus_homini1_MN769151
MN769175,Betatorquevirus_homini1_MN769175
MN769204,Betatorquevirus_homini1_MN769204
MN769205,Betatorquevirus_homini1_MN769205
MN769223,Betatorquevirus_homini1_MN769223
MN769259,Betatorquevirus_homini1_MN769259
MN769261,Betatorquevirus_homini1_MN769261
MN769294,Betatorquevirus_homini1_MN769294
MN769357,Betatorquevirus_homini1_MN769357
MN769556,Betatorquevirus_homini1_MN769556
MN769665,Betatorquevirus_homini1_MN769665
MN769675,Betatorquevirus_homini1_MN769675
MN769800,Betatorquevirus_homini1_MN769800
MN769809,Betatorquevirus_homini1_MN769809
MN770189,Betatorquevirus_homini1_MN770189
MN770265,Betatorquevirus_homini1_MN770265
MN770389,Betatorquevirus_homini1_MN770389
MN770452,Betatorquevirus_homini1_MN770452
MN770494,Betatorquevirus_homini1_MN770494
MN770496,Betatorquevirus_homini1_MN770496
MN770578,Betatorquevirus_homini1_MN770578
MN770652,Betatorquevirus_homini1_MN770652
MN770698,Betatorquevirus_homini1_MN770698
MN770699,Betatorquevirus_homini1_MN770699
MN770703,Betatorquevirus_homini1_MN770703
MN770827,Betatorquevirus_homini1_MN770827
MN770930,Betatorquevirus_homini1_MN770930
MN770992,Betatorquevirus_homini1_MN770992
MN771061,Betatorquevirus_homini1_MN771061
MN771074,Betatorquevirus_homini1_MN771074
MN771386,Betatorquevirus_homini1_MN771386
MN771392,Betatorquevirus_homini1_MN771392
MN771622,Betatorquevirus_homini1_MN771622
MN771649,Betatorquevirus_homini1_MN771649
MN771884,Betatorquevirus_homini1_MN771884
MN771938,Betatorquevirus_homini1_MN771938
MN772239,Betatorquevirus_homini1_MN772239
MN772501,Betatorquevirus_homini1_MN772501
MN772657,Betatorquevirus_homini1_MN772657
MN773194,Betatorquevirus_homini1_MN773194
MN773195,Betatorquevirus_homini1_MN773195
MN773728,Betatorquevirus_homini1_MN773728
MN773850,Betatorquevirus_homini1_MN773850
MN773942,Betatorquevirus_homini1_MN773942
MN773978,Betatorquevirus_homini1_MN773978
MN774415,Betatorquevirus_homini1_MN774415
MN774435,Betatorquevirus_homini1_MN774435
MW455411,Betatorquevirus_homini1_MW455411
MZ286088,Betatorquevirus_homini1_MZ286088
MZ286180,Betatorquevirus_homini1_MZ286180
OK574380,Betatorquevirus_homini1_OK574380
OK574395,Betatorquevirus_homini1_OK574395
OQ064563,Betatorquevirus_homini1_OQ064563
PP816632,Betatorquevirus_homini1_PP816632
PP816633,Betatorquevirus_homini1_PP816633
PP816638,Betatorquevirus_homini1_PP816638
PP816662,Betatorquevirus_homini1_PP816662
PP816667,Betatorquevirus_homini1_PP816667
PP816678,Betatorquevirus_homini1_PP816678
PP857111,Betatorquevirus_homini1_PP857111
PQ580977,Betatorquevirus_homini1_PQ580977
PQ581023,Betatorquevirus_homini1_PQ581023
PV013117,Betatorquevirus_homini1_PV013117
PV013121,Betatorquevirus_homini1_PV013121
AB038629,Betatorquevirus_homini2_AB038629
KT163914,Betatorquevirus_homini2_KT163914
MH649051,Betatorquevirus_homini2_MH649051
MH649165,Betatorquevirus_homini2_MH649165
MH649217,Betatorquevirus_homini2_MH649217
MN768673,Betatorquevirus_homini2_MN768673
MN768728,Betatorquevirus_homini2_MN768728
MN768861,Betatorquevirus_homini2_MN768861
MN768933,Betatorquevirus_homini2_MN768933
MN769178,Betatorquevirus_homini2_MN769178
MN769924,Betatorquevirus_homini2_MN769924
MN769976,Betatorquevirus_homini2_MN769976
MN770129,Betatorquevirus_homini2_MN770129
MN770243,Betatorquevirus_homini2_MN770243
MN770488,Betatorquevirus_homini2_MN770488
MN771375,Betatorquevirus_homini2_MN771375
MN771409,Betatorquevirus_homini2_MN771409
MN771432,Betatorquevirus_homini2_MN771432
MN771815,Betatorquevirus_homini2_MN771815
MN771848,Betatorquevirus_homini2_MN771848
MN772067,Betatorquevirus_homini2_MN772067
MN772097,Betatorquevirus_homini2_MN772097
MN772316,Betatorquevirus_homini2_MN772316
MN772451,Betatorquevirus_homini2_MN772451
MN772467,Betatorquevirus_homini2_MN772467
MN772566,Betatorquevirus_homini2_MN772566
MN772761,Betatorquevirus_homini2_MN772761
MN772810,Betatorquevirus_homini2_MN772810
MN772812,Betatorquevirus_homini2_MN772812
MN772813,Betatorquevirus_homini2_MN772813
MN773061,Betatorquevirus_homini2_MN773061
MN773634,Betatorquevirus_homini2_MN773634
MN774264,Betatorquevirus_homini2_MN774264
MZ286257,Betatorquevirus_homini2_MZ286257
MZ825111,Betatorquevirus_homini2_MZ825111
PP816647,Betatorquevirus_homini2_PP816647
PP816668,Betatorquevirus_homini2_PP816668
PP816675,Betatorquevirus_homini2_PP816675
PP857117,Betatorquevirus_homini2_PP857117
PQ581002,Betatorquevirus_homini2_PQ581002
BK048312,Betatorquevirus_homini28_BK048312
MH017563,Betatorquevirus_homini28_MH017563
MH649152,Betatorquevirus_homini28_MH649152
MN768630,Betatorquevirus_homini28_MN768630
MN768712,Betatorquevirus_homini28_MN768712
MN768901,Betatorquevirus_homini28_MN768901
MN769416,Betatorquevirus_homini28_MN769416
MN769839,Betatorquevirus_homini28_MN769839
MN770072,Betatorquevirus_homini28_MN770072
MN770209,Betatorquevirus_homini28_MN770209
MN770598,Betatorquevirus_homini28_MN770598
MN770963,Betatorquevirus_homini28_MN770963
MN771072,Betatorquevirus_homini28_MN771072
MN771080,Betatorquevirus_homini28_MN771080
MN771314,Betatorquevirus_homini28_MN771314
MN771468,Betatorquevirus_homini28_MN771468
MN771892,Betatorquevirus_homini28_MN771892
MN771955,Betatorquevirus_homini28_MN771955
MN772338,Betatorquevirus_homini28_MN772338
MN772974,Betatorquevirus_homini28_MN772974
MN773020,Betatorquevirus_homini28_MN773020
MN773170,Betatorquevirus_homini28_MN773170
MN773292,Betatorquevirus_homini28_MN773292
PV013240,Betatorquevirus_homini28_PV013240
AB038630,Betatorquevirus_homini3_AB038630
MN768669,Betatorquevirus_homini3_MN768669
MN768921,Betatorquevirus_homini3_MN768921
MN771378,Betatorquevirus_homini3_MN771378
MN771899,Betatorquevirus_homini3_MN771899
MN772300,Betatorquevirus_homini3_MN772300
MH649017,Betatorquevirus_homini31_MH649017
MH649212,Betatorquevirus_homini31_MH649212
MN768692,Betatorquevirus_homini31_MN768692
MN768910,Betatorquevirus_homini31_MN768910
MN770132,Betatorquevirus_homini31_MN770132
MN770600,Betatorquevirus_homini31_MN770600
MN770714,Betatorquevirus_homini31_MN770714
MN773128,Betatorquevirus_homini31_MN773128
MW455444,Betatorquevirus_homini31_MW455444
MZ825112,Betatorquevirus_homini31_MZ825112
OQ064572,Betatorquevirus_homini31_OQ064572
KU041847,Betatorquevirus_homini32_KU041847
MH649104,Betatorquevirus_homini32_MH649104
MN768944,Betatorquevirus_homini32_MN768944
MN768988,Betatorquevirus_homini32_MN768988
MN769215,Betatorquevirus_homini32_MN769215
MN769252,Betatorquevirus_homini32_MN769252
MN769505,Betatorquevirus_homini32_MN769505
MN769569,Betatorquevirus_homini32_MN769569
MN770757,Betatorquevirus_homini32_MN770757
MN771559,Betatorquevirus_homini32_MN771559
MN773959,Betatorquevirus_homini32_MN773959
MZ286053,Betatorquevirus_homini32_MZ286053
MZ286193,Betatorquevirus_homini32_MZ286193
OK574411,Betatorquevirus_homini32_OK574411
OL694789,Betatorquevirus_homini32_OL694789
MH649114,Betatorquevirus_homini34_MH649114
MN773241,Betatorquevirus_homini34_MN773241
OQ971818,Betatorquevirus_homini34_OQ971818
KX810064,Betatorquevirus_homini29_KX810064
MN768793,Betatorquevirus_homini29_MN768793
MN769083,Betatorquevirus_homini29_MN769083
MN769550,Betatorquevirus_homini29_MN769550
MN769774,Betatorquevirus_homini29_MN769774
MN769947,Betatorquevirus_homini29_MN769947
MN770603,Betatorquevirus_homini29_MN770603
MN770656,Betatorquevirus_homini29_MN770656
MN771145,Betatorquevirus_homini29_MN771145
MN771268,Betatorquevirus_homini29_MN771268
MN771269,Betatorquevirus_homini29_MN771269
MN771575,Betatorquevirus_homini29_MN771575
MN771654,Betatorquevirus_homini29_MN771654
MN771699,Betatorquevirus_homini29_MN771699
MN771734,Betatorquevirus_homini29_MN771734
MN771866,Betatorquevirus_homini29_MN771866
MN772004,Betatorquevirus_homini29_MN772004
MN772105,Betatorquevirus_homini29_MN772105
MN772128,Betatorquevirus_homini29_MN772128
MN772134,Betatorquevirus_homini29_MN772134
MN772198,Betatorquevirus_homini29_MN772198
MN772214,Betatorquevirus_homini29_MN772214
MN772224,Betatorquevirus_homini29_MN772224
MN772228,Betatorquevirus_homini29_MN772228
MN772302,Betatorquevirus_homini29_MN772302
MN772368,Betatorquevirus_homini29_MN772368
MN772599,Betatorquevirus_homini29_MN772599
MN772602,Betatorquevirus_homini29_MN772602
MN772603,Betatorquevirus_homini29_MN772603
MN772636,Betatorquevirus_homini29_MN772636
MN772641,Betatorquevirus_homini29_MN772641
MN772891,Betatorquevirus_homini29_MN772891
MN773028,Betatorquevirus_homini29_MN773028
MN773093,Betatorquevirus_homini29_MN773093
MN773168,Betatorquevirus_homini29_MN773168
MN773350,Betatorquevirus_homini29_MN773350
MN773572,Betatorquevirus_homini29_MN773572
MN773947,Betatorquevirus_homini29_MN773947
MN773964,Betatorquevirus_homini29_MN773964
OQ971820,Betatorquevirus_homini29_OQ971820
BK066396,Betatorquevirus_homini10_BK066396
EF538880,Betatorquevirus_homini10_EF538880
KP343856,Betatorquevirus_homini10_KP343856
KT027938,Betatorquevirus_homini10_KT027938
MH649263,Betatorquevirus_homini10_MH649263
MN768602,Betatorquevirus_homini10_MN768602
MN768607,Betatorquevirus_homini10_MN768607
MN768634,Betatorquevirus_homini10_MN768634
MN768671,Betatorquevirus_homini10_MN768671
MN768685,Betatorquevirus_homini10_MN768685
MN768805,Betatorquevirus_homini10_MN768805
MN768874,Betatorquevirus_homini10_MN768874
MN768881,Betatorquevirus_homini10_MN768881
MN768916,Betatorquevirus_homini10_MN768916
MN768925,Betatorquevirus_homini10_MN768925
MN769001,Betatorquevirus_homini10_MN769001
MN769003,Betatorquevirus_homini10_MN769003
MN769172,Betatorquevirus_homini10_MN769172
MN769232,Betatorquevirus_homini10_MN769232
MN769347,Betatorquevirus_homini10_MN769347
MN769412,Betatorquevirus_homini10_MN769412
MN769464,Betatorquevirus_homini10_MN769464
MN769478,Betatorquevirus_homini10_MN769478
MN769573,Betatorquevirus_homini10_MN769573
MN769606,Betatorquevirus_homini10_MN769606
MN770005,Betatorquevirus_homini10_MN770005
MN770168,Betatorquevirus_homini10_MN770168
MN770220,Betatorquevirus_homini10_MN770220
MN770234,Betatorquevirus_homini10_MN770234
MN770308,Betatorquevirus_homini10_MN770308
MN770518,Betatorquevirus_homini10_MN770518
MN770546,Betatorquevirus_homini10_MN770546
MN770645,Betatorquevirus_homini10_MN770645
MN770685,Betatorquevirus_homini10_MN770685
MN770861,Betatorquevirus_homini10_MN770861
MN770904,Betatorquevirus_homini10_MN770904
MN770986,Betatorquevirus_homini10_MN770986
MN771016,Betatorquevirus_homini10_MN771016
MN771134,Betatorquevirus_homini10_MN771134
MN771140,Betatorquevirus_homini10_MN771140
MN771809,Betatorquevirus_homini10_MN771809
MN772056,Betatorquevirus_homini10_MN772056
MN772118,Betatorquevirus_homini10_MN772118
MN772211,Betatorquevirus_homini10_MN772211
MN772376,Betatorquevirus_homini10_MN772376
MN772485,Betatorquevirus_homini10_MN772485
MN772581,Betatorquevirus_homini10_MN772581
MN773122,Betatorquevirus_homini10_MN773122
MN773238,Betatorquevirus_homini10_MN773238
MN773402,Betatorquevirus_homini10_MN773402
MN773615,Betatorquevirus_homini10_MN773615
MN774019,Betatorquevirus_homini10_MN774019
MN774416,Betatorquevirus_homini10_MN774416
MN774620,Betatorquevirus_homini10_MN774620
MN774708,Betatorquevirus_homini10_MN774708
MT350347,Betatorquevirus_homini10_MT350347
MZ286265,Betatorquevirus_homini10_MZ286265
OK574410,Betatorquevirus_homini10_OK574410
OK574421,Betatorquevirus_homini10_OK574421
OL694800,Betatorquevirus_homini10_OL694800
PQ580934,Betatorquevirus_homini10_PQ580934
EF538881,Betatorquevirus_homini11_EF538881
MN768703,Betatorquevirus_homini11_MN768703
MN768824,Betatorquevirus_homini11_MN768824
MN768862,Betatorquevirus_homini11_MN768862
MN769019,Betatorquevirus_homini11_MN769019
MN769071,Betatorquevirus_homini11_MN769071
MN769260,Betatorquevirus_homini11_MN769260
MN769386,Betatorquevirus_homini11_MN769386
MN769618,Betatorquevirus_homini11_MN769618
MN769886,Betatorquevirus_homini11_MN769886
MN769971,Betatorquevirus_homini11_MN769971
MN770104,Betatorquevirus_homini11_MN770104
MN770118,Betatorquevirus_homini11_MN770118
MN770133,Betatorquevirus_homini11_MN770133
MN770134,Betatorquevirus_homini11_MN770134
MN770353,Betatorquevirus_homini11_MN770353
MN770544,Betatorquevirus_homini11_MN770544
MN770710,Betatorquevirus_homini11_MN770710
MN771097,Betatorquevirus_homini11_MN771097
MN771438,Betatorquevirus_homini11_MN771438
MN771465,Betatorquevirus_homini11_MN771465
MN771471,Betatorquevirus_homini11_MN771471
MN771835,Betatorquevirus_homini11_MN771835
MN771875,Betatorquevirus_homini11_MN771875
MN771895,Betatorquevirus_homini11_MN771895
MN772034,Betatorquevirus_homini11_MN772034
MN772138,Betatorquevirus_homini11_MN772138
MN772504,Betatorquevirus_homini11_MN772504
MN772996,Betatorquevirus_homini11_MN772996
MN773699,Betatorquevirus_homini11_MN773699
MW455409,Betatorquevirus_homini11_MW455409
MZ286219,Betatorquevirus_homini11_MZ286219
MZ286240,Betatorquevirus_homini11_MZ286240
MZ286243,Betatorquevirus_homini11_MZ286243
MZ825095,Betatorquevirus_homini11_MZ825095
MZ825108,Betatorquevirus_homini11_MZ825108
OK574428,Betatorquevirus_homini11_OK574428
OL694835,Betatorquevirus_homini11_OL694835
OQ064571,Betatorquevirus_homini11_OQ064571
MN165096,Betatorquevirus_homini35_MN165096
MN773681,Betatorquevirus_homini35_MN773681
PV013127,Betatorquevirus_homini35_PV013127
PV013128,Betatorquevirus_homini35_PV013128
KF545590,Betatorquevirus_homini33_KF545590
MN768955,Betatorquevirus_homini33_MN768955
MN769917,Betatorquevirus_homini33_MN769917
MN771030,Betatorquevirus_homini33_MN771030
MN772755,Betatorquevirus_homini33_MN772755
MN773281,Betatorquevirus_homini33_MN773281
MN773450,Betatorquevirus_homini33_MN773450
PP816672,Betatorquevirus_homini33_PP816672
PQ581004,Betatorquevirus_homini33_PQ581004
MN770822,Betatorquevirus_homini25_MN770822
MN771641,Betatorquevirus_homini25_MN771641
MN772363,Betatorquevirus_homini25_MN772363
MN774145,Betatorquevirus_homini25_MN774145
MH648986,Betatorquevirus_homini25_MH648986
KP343852,Betatorquevirus_homini30_KP343852
MN768643,Betatorquevirus_homini30_MN768643
MN771573,Betatorquevirus_homini30_MN771573
MN771630,Betatorquevirus_homini30_MN771630
MN773130,Betatorquevirus_homini30_MN773130
MN773235,Betatorquevirus_homini30_MN773235
MN773506,Betatorquevirus_homini30_MN773506
MN774784,Betatorquevirus_homini30_MN774784
MN774801,Betatorquevirus_homini30_MN774801
OK574344,Betatorquevirus_homini30_OK574344
MH648912,Betatorquevirus_homini30_MH648912
BK066655,Betatorquevirus_homini36_BK066655
KP343829,Betatorquevirus_homini36_KP343829
KP343830,Betatorquevirus_homini36_KP343830
KP343848,Betatorquevirus_homini36_KP343848
KP343849,Betatorquevirus_homini36_KP343849
KP343853,Betatorquevirus_homini36_KP343853
MH648985,Betatorquevirus_homini36_MH648985
MN768579,Betatorquevirus_homini36_MN768579
MN768585,Betatorquevirus_homini36_MN768585
MN768662,Betatorquevirus_homini36_MN768662
MN768723,Betatorquevirus_homini36_MN768723
MN768727,Betatorquevirus_homini36_MN768727
MN768871,Betatorquevirus_homini36_MN768871
MN768885,Betatorquevirus_homini36_MN768885
MN768891,Betatorquevirus_homini36_MN768891
MN768924,Betatorquevirus_homini36_MN768924
MN768993,Betatorquevirus_homini36_MN768993
MN769228,Betatorquevirus_homini36_MN769228
MN769274,Betatorquevirus_homini36_MN769274
MN769375,Betatorquevirus_homini36_MN769375
MN769532,Betatorquevirus_homini36_MN769532
MN769578,Betatorquevirus_homini36_MN769578
MN769719,Betatorquevirus_homini36_MN769719
MN770071,Betatorquevirus_homini36_MN770071
MN770099,Betatorquevirus_homini36_MN770099
MN770141,Betatorquevirus_homini36_MN770141
MN770228,Betatorquevirus_homini36_MN770228
MN770432,Betatorquevirus_homini36_MN770432
MN770446,Betatorquevirus_homini36_MN770446
MN770655,Betatorquevirus_homini36_MN770655
MN770933,Betatorquevirus_homini36_MN770933
MN770935,Betatorquevirus_homini36_MN770935
MN770946,Betatorquevirus_homini36_MN770946
MN770952,Betatorquevirus_homini36_MN770952
MN770956,Betatorquevirus_homini36_MN770956
MN770971,Betatorquevirus_homini36_MN770971
MN771013,Betatorquevirus_homini36_MN771013
MN771217,Betatorquevirus_homini36_MN771217
MN771226,Betatorquevirus_homini36_MN771226
MN771236,Betatorquevirus_homini36_MN771236
MN771271,Betatorquevirus_homini36_MN771271
MN771272,Betatorquevirus_homini36_MN771272
MN771291,Betatorquevirus_homini36_MN771291
MN771354,Betatorquevirus_homini36_MN771354
MN771361,Betatorquevirus_homini36_MN771361
MN771379,Betatorquevirus_homini36_MN771379
MN771548,Betatorquevirus_homini36_MN771548
MN771605,Betatorquevirus_homini36_MN771605
MN771674,Betatorquevirus_homini36_MN771674
MN771692,Betatorquevirus_homini36_MN771692
MN771710,Betatorquevirus_homini36_MN771710
MN771718,Betatorquevirus_homini36_MN771718
MN771878,Betatorquevirus_homini36_MN771878
MN771978,Betatorquevirus_homini36_MN771978
MN772052,Betatorquevirus_homini36_MN772052
MN772055,Betatorquevirus_homini36_MN772055
MN772071,Betatorquevirus_homini36_MN772071
MN772114,Betatorquevirus_homini36_MN772114
MN772188,Betatorquevirus_homini36_MN772188
MN772201,Betatorquevirus_homini36_MN772201
MN772263,Betatorquevirus_homini36_MN772263
MN772413,Betatorquevirus_homini36_MN772413
MN772424,Betatorquevirus_homini36_MN772424
MN772624,Betatorquevirus_homini36_MN772624
MN772628,Betatorquevirus_homini36_MN772628
MN772740,Betatorquevirus_homini36_MN772740
MN773010,Betatorquevirus_homini36_MN773010
MN773207,Betatorquevirus_homini36_MN773207
MN773322,Betatorquevirus_homini36_MN773322
MN773691,Betatorquevirus_homini36_MN773691
MN773831,Betatorquevirus_homini36_MN773831
MN773890,Betatorquevirus_homini36_MN773890
MN773932,Betatorquevirus_homini36_MN773932
MN773951,Betatorquevirus_homini36_MN773951
MN774043,Betatorquevirus_homini36_MN774043
MN774262,Betatorquevirus_homini36_MN774262
MN774622,Betatorquevirus_homini36_MN774622
MN774839,Betatorquevirus_homini36_MN774839
MN774892,Betatorquevirus_homini36_MN774892
MN774903,Betatorquevirus_homini36_MN774903
MN774905,Betatorquevirus_homini36_MN774905
MW455402,Betatorquevirus_homini36_MW455402
MZ285991,Betatorquevirus_homini36_MZ285991
MZ286192,Betatorquevirus_homini36_MZ286192
MZ824828,Betatorquevirus_homini36_MZ824828
OK574362,Betatorquevirus_homini36_OK574362
OK574419,Betatorquevirus_homini36_OK574419
OK574436,Betatorquevirus_homini36_OK574436
PP857170,Betatorquevirus_homini36_PP857170
PP857171,Betatorquevirus_homini36_PP857171
PQ580964,Betatorquevirus_homini36_PQ580964
PQ580974,Betatorquevirus_homini36_PQ580974
PQ580976,Betatorquevirus_homini36_PQ580976
PQ580989,Betatorquevirus_homini36_PQ580989
PQ581017,Betatorquevirus_homini36_PQ581017
PQ581019,Betatorquevirus_homini36_PQ581019
MN770940,Betatorquevirus_homini36/38_MN770940
MN768648,Betatorquevirus_homini37_MN768648
MN769263,Betatorquevirus_homini37_MN769263
MN770482,Betatorquevirus_homini37_MN770482
MN770595,Betatorquevirus_homini37_MN770595
MN772079,Betatorquevirus_homini37_MN772079
MN772215,Betatorquevirus_homini37_MN772215
MN772992,Betatorquevirus_homini37_MN772992
MN774345,Betatorquevirus_homini37_MN774345
MZ969231,Betatorquevirus_homini37_MZ969231
OK574371,Betatorquevirus_homini37_OK574371
MH649209,Betatorquevirus_homini37_MH649209
KP343850,Betatorquevirus_homini38_KP343850
MH648982,Betatorquevirus_homini38_MH648982
MH649083,Betatorquevirus_homini38_MH649083
MH649223,Betatorquevirus_homini38_MH649223
MN768592,Betatorquevirus_homini38_MN768592
MN768796,Betatorquevirus_homini38_MN768796
MN768801,Betatorquevirus_homini38_MN768801
MN768845,Betatorquevirus_homini38_MN768845
MN768878,Betatorquevirus_homini38_MN768878
MN768898,Betatorquevirus_homini38_MN768898
MN768899,Betatorquevirus_homini38_MN768899
MN768914,Betatorquevirus_homini38_MN768914
MN768915,Betatorquevirus_homini38_MN768915
MN768949,Betatorquevirus_homini38_MN768949
MN768956,Betatorquevirus_homini38_MN768956
MN768997,Betatorquevirus_homini38_MN768997
MN769005,Betatorquevirus_homini38_MN769005
MN769029,Betatorquevirus_homini38_MN769029
MN769101,Betatorquevirus_homini38_MN769101
MN769140,Betatorquevirus_homini38_MN769140
MN769179,Betatorquevirus_homini38_MN769179
MN769245,Betatorquevirus_homini38_MN769245
MN769713,Betatorquevirus_homini38_MN769713
MN770219,Betatorquevirus_homini38_MN770219
MN770230,Betatorquevirus_homini38_MN770230
MN770431,Betatorquevirus_homini38_MN770431
MN770497,Betatorquevirus_homini38_MN770497
MN770805,Betatorquevirus_homini38_MN770805
MN770819,Betatorquevirus_homini38_MN770819
MN771275,Betatorquevirus_homini38_MN771275
MN771347,Betatorquevirus_homini38_MN771347
MN771536,Betatorquevirus_homini38_MN771536
MN771677,Betatorquevirus_homini38_MN771677
MN771711,Betatorquevirus_homini38_MN771711
MN771714,Betatorquevirus_homini38_MN771714
MN771827,Betatorquevirus_homini38_MN771827
MN772341,Betatorquevirus_homini38_MN772341
MN772663,Betatorquevirus_homini38_MN772663
MN772721,Betatorquevirus_homini38_MN772721
MN772797,Betatorquevirus_homini38_MN772797
MN772859,Betatorquevirus_homini38_MN772859
MN773141,Betatorquevirus_homini38_MN773141
MN773265,Betatorquevirus_homini38_MN773265
MN773528,Betatorquevirus_homini38_MN773528
MN773809,Betatorquevirus_homini38_MN773809
MN773956,Betatorquevirus_homini38_MN773956
MN774159,Betatorquevirus_homini38_MN774159
MN774212,Betatorquevirus_homini38_MN774212
MN774773,Betatorquevirus_homini38_MN774773
MN774865,Betatorquevirus_homini38_MN774865
MZ286247,Betatorquevirus_homini38_MZ286247
MZ286252,Betatorquevirus_homini38_MZ286252
MZ286267,Betatorquevirus_homini38_MZ286267
OK574367,Betatorquevirus_homini38_OK574367
OK574381,Betatorquevirus_homini38_OK574381
PP857174,Betatorquevirus_homini38_PP857174
PQ580930,Betatorquevirus_homini38_PQ580930
PQ581027,Betatorquevirus_homini38_PQ581027
EF538882,Betatorquevirus_homini12/26_EF538882
KP343833,Betatorquevirus_homini12/26_KP343833
KP343862,Betatorquevirus_homini12/26_KP343862
KY462770,Betatorquevirus_homini12/26_KY462770
MH649204,Betatorquevirus_homini12/26_MH649204
MK212030,Betatorquevirus_homini12/26_MK212030
MN768597,Betatorquevirus_homini12/26_MN768597
MN768599,Betatorquevirus_homini12/26_MN768599
MN768618,Betatorquevirus_homini12/26_MN768618
MN768653,Betatorquevirus_homini12/26_MN768653
MN768661,Betatorquevirus_homini12/26_MN768661
MN768667,Betatorquevirus_homini12/26_MN768667
MN768679,Betatorquevirus_homini12/26_MN768679
MN768687,Betatorquevirus_homini12/26_MN768687
MN768730,Betatorquevirus_homini12/26_MN768730
MN768799,Betatorquevirus_homini12/26_MN768799
MN768851,Betatorquevirus_homini12/26_MN768851
MN768877,Betatorquevirus_homini12/26_MN768877
MN768922,Betatorquevirus_homini12/26_MN768922
MN768961,Betatorquevirus_homini12/26_MN768961
MN768972,Betatorquevirus_homini12/26_MN768972
MN769009,Betatorquevirus_homini12/26_MN769009
MN769061,Betatorquevirus_homini12/26_MN769061
MN769298,Betatorquevirus_homini12/26_MN769298
MN769522,Betatorquevirus_homini12/26_MN769522
MN769524,Betatorquevirus_homini12/26_MN769524
MN769746,Betatorquevirus_homini12/26_MN769746
MN769832,Betatorquevirus_homini12/26_MN769832
MN769842,Betatorquevirus_homini12/26_MN769842
MN769851,Betatorquevirus_homini12/26_MN769851
MN769852,Betatorquevirus_homini12/26_MN769852
MN769854,Betatorquevirus_homini12/26_MN769854
MN769855,Betatorquevirus_homini12/26_MN769855
MN769857,Betatorquevirus_homini12/26_MN769857
MN769874,Betatorquevirus_homini12/26_MN769874
MN769876,Betatorquevirus_homini12/26_MN769876
MN769900,Betatorquevirus_homini12/26_MN769900
MN769901,Betatorquevirus_homini12/26_MN769901
MN769910,Betatorquevirus_homini12/26_MN769910
MN769911,Betatorquevirus_homini12/26_MN769911
MN769930,Betatorquevirus_homini12/26_MN769930
MN769967,Betatorquevirus_homini12/26_MN769967
MN769991,Betatorquevirus_homini12/26_MN769991
MN770002,Betatorquevirus_homini12/26_MN770002
MN770017,Betatorquevirus_homini12/26_MN770017
MN770019,Betatorquevirus_homini12/26_MN770019
MN770057,Betatorquevirus_homini12/26_MN770057
MN770123,Betatorquevirus_homini12/26_MN770123
MN770177,Betatorquevirus_homini12/26_MN770177
MN770357,Betatorquevirus_homini12/26_MN770357
MN770396,Betatorquevirus_homini12/26_MN770396
MN770425,Betatorquevirus_homini12/26_MN770425
MN770426,Betatorquevirus_homini12/26_MN770426
MN770457,Betatorquevirus_homini12/26_MN770457
MN770464,Betatorquevirus_homini12/26_MN770464
MN770485,Betatorquevirus_homini12/26_MN770485
MN770644,Betatorquevirus_homini12/26_MN770644
MN770647,Betatorquevirus_homini12/26_MN770647
MN770700,Betatorquevirus_homini12/26_MN770700
MN770733,Betatorquevirus_homini12/26_MN770733
MN770750,Betatorquevirus_homini12/26_MN770750
MN770792,Betatorquevirus_homini12/26_MN770792
MN770906,Betatorquevirus_homini12/26_MN770906
MN770944,Betatorquevirus_homini12/26_MN770944
MN771027,Betatorquevirus_homini12/26_MN771027
MN771059,Betatorquevirus_homini12/26_MN771059
MN771203,Betatorquevirus_homini12/26_MN771203
MN771219,Betatorquevirus_homini12/26_MN771219
MN771223,Betatorquevirus_homini12/26_MN771223
MN771244,Betatorquevirus_homini12/26_MN771244
MN771428,Betatorquevirus_homini12/26_MN771428
MN771529,Betatorquevirus_homini12/26_MN771529
MN771599,Betatorquevirus_homini12/26_MN771599
MN771620,Betatorquevirus_homini12/26_MN771620
MN771679,Betatorquevirus_homini12/26_MN771679
MN771729,Betatorquevirus_homini12/26_MN771729
MN771812,Betatorquevirus_homini12/26_MN771812
MN771870,Betatorquevirus_homini12/26_MN771870
MN771900,Betatorquevirus_homini12/26_MN771900
MN772148,Betatorquevirus_homini12/26_MN772148
MN772375,Betatorquevirus_homini12/26_MN772375
MN772378,Betatorquevirus_homini12/26_MN772378
MN772436,Betatorquevirus_homini12/26_MN772436
MN772556,Betatorquevirus_homini12/26_MN772556
MN772606,Betatorquevirus_homini12/26_MN772606
MN772637,Betatorquevirus_homini12/26_MN772637
MN772714,Betatorquevirus_homini12/26_MN772714
MN772723,Betatorquevirus_homini12/26_MN772723
MN772756,Betatorquevirus_homini12/26_MN772756
MN772762,Betatorquevirus_homini12/26_MN772762
MN773163,Betatorquevirus_homini12/26_MN773163
MN773251,Betatorquevirus_homini12/26_MN773251
MN773301,Betatorquevirus_homini12/26_MN773301
MN773310,Betatorquevirus_homini12/26_MN773310
MN773317,Betatorquevirus_homini12/26_MN773317
MN773745,Betatorquevirus_homini12/26_MN773745
MN773759,Betatorquevirus_homini12/26_MN773759
MN773813,Betatorquevirus_homini12/26_MN773813
MN774164,Betatorquevirus_homini12/26_MN774164
MN774328,Betatorquevirus_homini12/26_MN774328
MN774654,Betatorquevirus_homini12/26_MN774654
MN774867,Betatorquevirus_homini12/26_MN774867
MW455363,Betatorquevirus_homini12/26_MW455363
MZ286279,Betatorquevirus_homini12/26_MZ286279
MZ825135,Betatorquevirus_homini12/26_MZ825135
OK574352,Betatorquevirus_homini12/26_OK574352
OK574383,Betatorquevirus_homini12/26_OK574383
OL694797,Betatorquevirus_homini12/26_OL694797
OQ971821,Betatorquevirus_homini12/26_OQ971821
PP857139,Betatorquevirus_homini12/26_PP857139
PV013267,Betatorquevirus_homini12/26_PV013267
MN768610,Betatorquevirus_homini21_MN768610
MN768787,Betatorquevirus_homini21_MN768787
MN770875,Betatorquevirus_homini21_MN770875
MN772253,Betatorquevirus_homini21_MN772253
MN772335,Betatorquevirus_homini21_MN772335
MN773043,Betatorquevirus_homini21_MN773043
OK574438,Betatorquevirus_homini21_OK574438
OQ064559,Betatorquevirus_homini21_OQ064559
PQ581026,Betatorquevirus_homini21_PQ581026
MH649141,Betatorquevirus_homini24_MH649141
MN768578,Betatorquevirus_homini24_MN768578
MN768816,Betatorquevirus_homini24_MN768816
MN768821,Betatorquevirus_homini24_MN768821
MN769034,Betatorquevirus_homini24_MN769034
MN769048,Betatorquevirus_homini24_MN769048
MN769682,Betatorquevirus_homini24_MN769682
MN770682,Betatorquevirus_homini24_MN770682
MN770683,Betatorquevirus_homini24_MN770683
MN771362,Betatorquevirus_homini24_MN771362
MN772468,Betatorquevirus_homini24_MN772468
MN773604,Betatorquevirus_homini24_MN773604
MN774115,Betatorquevirus_homini24_MN774115
MN774177,Betatorquevirus_homini24_MN774177
MN774306,Betatorquevirus_homini24_MN774306
MN774501,Betatorquevirus_homini24_MN774501
MN774738,Betatorquevirus_homini24_MN774738
MZ286196,Betatorquevirus_homini24_MZ286196
MZ969164,Betatorquevirus_homini24_MZ969164
KF545589,Betatorquevirus_homini27_KF545589
KM259873,Betatorquevirus_homini27_KM259873
MH649061,Betatorquevirus_homini27_MH649061
MH649186,Betatorquevirus_homini27_MH649186
MN768613,Betatorquevirus_homini27_MN768613
MN768663,Betatorquevirus_homini27_MN768663
MN768700,Betatorquevirus_homini27_MN768700
MN768800,Betatorquevirus_homini27_MN768800
MN768940,Betatorquevirus_homini27_MN768940
MN769103,Betatorquevirus_homini27_MN769103
MN769125,Betatorquevirus_homini27_MN769125
MN769281,Betatorquevirus_homini27_MN769281
MN769318,Betatorquevirus_homini27_MN769318
MN769836,Betatorquevirus_homini27_MN769836
MN770149,Betatorquevirus_homini27_MN770149
MN770283,Betatorquevirus_homini27_MN770283
MN770342,Betatorquevirus_homini27_MN770342
MN770537,Betatorquevirus_homini27_MN770537
MN770607,Betatorquevirus_homini27_MN770607
MN771251,Betatorquevirus_homini27_MN771251
MN771297,Betatorquevirus_homini27_MN771297
MN771757,Betatorquevirus_homini27_MN771757
MN771777,Betatorquevirus_homini27_MN771777
MN771997,Betatorquevirus_homini27_MN771997
MN772072,Betatorquevirus_homini27_MN772072
MN772094,Betatorquevirus_homini27_MN772094
MN772216,Betatorquevirus_homini27_MN772216
MN772252,Betatorquevirus_homini27_MN772252
MN772401,Betatorquevirus_homini27_MN772401
MN772433,Betatorquevirus_homini27_MN772433
MN772460,Betatorquevirus_homini27_MN772460
MN772524,Betatorquevirus_homini27_MN772524
MN772557,Betatorquevirus_homini27_MN772557
MN772748,Betatorquevirus_homini27_MN772748
MN772804,Betatorquevirus_homini27_MN772804
MN772994,Betatorquevirus_homini27_MN772994
MN773013,Betatorquevirus_homini27_MN773013
MN773017,Betatorquevirus_homini27_MN773017
MN773025,Betatorquevirus_homini27_MN773025
MN773209,Betatorquevirus_homini27_MN773209
MN773298,Betatorquevirus_homini27_MN773298
MN773523,Betatorquevirus_homini27_MN773523
MN773984,Betatorquevirus_homini27_MN773984
MN774373,Betatorquevirus_homini27_MN774373
MN774386,Betatorquevirus_homini27_MN774386
MN774537,Betatorquevirus_homini27_MN774537
MN774596,Betatorquevirus_homini27_MN774596
MN774794,Betatorquevirus_homini27_MN774794
AB026929,Betatorquevirus_homini6_AB026929
KP343832,Betatorquevirus_homini6_KP343832
MH648897,Betatorquevirus_homini6_MH648897
MH649006,Betatorquevirus_homini6_MH649006
MN768605,Betatorquevirus_homini6_MN768605
MN768647,Betatorquevirus_homini6_MN768647
MN768670,Betatorquevirus_homini6_MN768670
MN768759,Betatorquevirus_homini6_MN768759
MN768930,Betatorquevirus_homini6_MN768930
MN768932,Betatorquevirus_homini6_MN768932
MN769187,Betatorquevirus_homini6_MN769187
MN769301,Betatorquevirus_homini6_MN769301
MN769324,Betatorquevirus_homini6_MN769324
MN769629,Betatorquevirus_homini6_MN769629
MN770262,Betatorquevirus_homini6_MN770262
MN770303,Betatorquevirus_homini6_MN770303
MN770326,Betatorquevirus_homini6_MN770326
MN770408,Betatorquevirus_homini6_MN770408
MN770501,Betatorquevirus_homini6_MN770501
MN770695,Betatorquevirus_homini6_MN770695
MN770958,Betatorquevirus_homini6_MN770958
MN771270,Betatorquevirus_homini6_MN771270
MN771647,Betatorquevirus_homini6_MN771647
MN772060,Betatorquevirus_homini6_MN772060
MN772265,Betatorquevirus_homini6_MN772265
MN772536,Betatorquevirus_homini6_MN772536
MN773539,Betatorquevirus_homini6_MN773539
MN773729,Betatorquevirus_homini6_MN773729
MN774037,Betatorquevirus_homini6_MN774037
MN774304,Betatorquevirus_homini6_MN774304
MN774342,Betatorquevirus_homini6_MN774342
MN774344,Betatorquevirus_homini6_MN774344
MN774767,Betatorquevirus_homini6_MN774767
MN774838,Betatorquevirus_homini6_MN774838
MW455364,Betatorquevirus_homini6_MW455364
MZ286234,Betatorquevirus_homini6_MZ286234
MZ286237,Betatorquevirus_homini6_MZ286237
MZ286244,Betatorquevirus_homini6_MZ286244
MZ824833,Betatorquevirus_homini6_MZ824833
PP857180,Betatorquevirus_homini6_PP857180
AB038627,Betatorquevirus_homini7_AB038627
MN768649,Betatorquevirus_homini7_MN768649
MN768774,Betatorquevirus_homini7_MN768774
MN768776,Betatorquevirus_homini7_MN768776
MN768778,Betatorquevirus_homini7_MN768778
MN771110,Betatorquevirus_homini7_MN771110
MN772688,Betatorquevirus_homini7_MN772688
MZ286282,Betatorquevirus_homini7_MZ286282
OQ064564,Betatorquevirus_homini7_OQ064564
AF291073,Betatorquevirus_homini8_AF291073
MN768737,Betatorquevirus_homini8_MN768737
MN768818,Betatorquevirus_homini8_MN768818
MN769173,Betatorquevirus_homini8_MN769173
MN769247,Betatorquevirus_homini8_MN769247
MN769367,Betatorquevirus_homini8_MN769367
MN771063,Betatorquevirus_homini8_MN771063
MN771249,Betatorquevirus_homini8_MN771249
MN771353,Betatorquevirus_homini8_MN771353
MN771672,Betatorquevirus_homini8_MN771672
MN771788,Betatorquevirus_homini8_MN771788
MN771976,Betatorquevirus_homini8_MN771976
AB038625,Betatorquevirus_homini9_AB038625
MH649040,Betatorquevirus_homini9_MH649040
MH649045,Betatorquevirus_homini9_MH649045
MH649125,Betatorquevirus_homini9_MH649125
MH649157,Betatorquevirus_homini9_MH649157
MH649172,Betatorquevirus_homini9_MH649172
MH649183,Betatorquevirus_homini9_MH649183
MH649189,Betatorquevirus_homini9_MH649189
MH649228,Betatorquevirus_homini9_MH649228
MN768600,Betatorquevirus_homini9_MN768600
MN768690,Betatorquevirus_homini9_MN768690
MN768970,Betatorquevirus_homini9_MN768970
MN768990,Betatorquevirus_homini9_MN768990
MN769182,Betatorquevirus_homini9_MN769182
MN769344,Betatorquevirus_homini9_MN769344
MN769587,Betatorquevirus_homini9_MN769587
MN770216,Betatorquevirus_homini9_MN770216
MN770231,Betatorquevirus_homini9_MN770231
MN770367,Betatorquevirus_homini9_MN770367
MN772611,Betatorquevirus_homini9_MN772611
MN773243,Betatorquevirus_homini9_MN773243
MN773939,Betatorquevirus_homini9_MN773939
MN774271,Betatorquevirus_homini9_MN774271
MN774272,Betatorquevirus_homini9_MN774272
MN774582,Betatorquevirus_homini9_MN774582
MW455388,Betatorquevirus_homini9_MW455388
MZ824830,Betatorquevirus_homini9_MZ824830
MZ824896,Betatorquevirus_homini9_MZ824896
OQ064566,Betatorquevirus_homini9_OQ064566
PP857191,Betatorquevirus_homini9_PP857191
MZ825118,Betatorquevirus_homini9/27_MZ825118
MH648892,Betatorquevirus_homini20_MH648892
MH648989,Betatorquevirus_homini20_MH648989
MH649161,Betatorquevirus_homini20_MH649161
MH649241,Betatorquevirus_homini20_MH649241
MN768588,Betatorquevirus_homini20_MN768588
MN768603,Betatorquevirus_homini20_MN768603
MN768659,Betatorquevirus_homini20_MN768659
MN768691,Betatorquevirus_homini20_MN768691
MN768814,Betatorquevirus_homini20_MN768814
MN768858,Betatorquevirus_homini20_MN768858
MN768890,Betatorquevirus_homini20_MN768890
MN768929,Betatorquevirus_homini20_MN768929
MN768936,Betatorquevirus_homini20_MN768936
MN768992,Betatorquevirus_homini20_MN768992
MN769000,Betatorquevirus_homini20_MN769000
MN769002,Betatorquevirus_homini20_MN769002
MN769025,Betatorquevirus_homini20_MN769025
MN769068,Betatorquevirus_homini20_MN769068
MN769090,Betatorquevirus_homini20_MN769090
MN769154,Betatorquevirus_homini20_MN769154
MN769177,Betatorquevirus_homini20_MN769177
MN769180,Betatorquevirus_homini20_MN769180
MN769186,Betatorquevirus_homini20_MN769186
MN769269,Betatorquevirus_homini20_MN769269
MN769280,Betatorquevirus_homini20_MN769280
MN769320,Betatorquevirus_homini20_MN769320
MN769322,Betatorquevirus_homini20_MN769322
MN769333,Betatorquevirus_homini20_MN769333
MN769451,Betatorquevirus_homini20_MN769451
MN769453,Betatorquevirus_homini20_MN769453
MN769476,Betatorquevirus_homini20_MN769476
MN769563,Betatorquevirus_homini20_MN769563
MN769650,Betatorquevirus_homini20_MN769650
MN769782,Betatorquevirus_homini20_MN769782
MN769824,Betatorquevirus_homini20_MN769824
MN769993,Betatorquevirus_homini20_MN769993
MN770101,Betatorquevirus_homini20_MN770101
MN770164,Betatorquevirus_homini20_MN770164
MN770191,Betatorquevirus_homini20_MN770191
MN770348,Betatorquevirus_homini20_MN770348
MN770350,Betatorquevirus_homini20_MN770350
MN770355,Betatorquevirus_homini20_MN770355
MN770361,Betatorquevirus_homini20_MN770361
MN770362,Betatorquevirus_homini20_MN770362
MN770364,Betatorquevirus_homini20_MN770364
MN770369,Betatorquevirus_homini20_MN770369
MN770375,Betatorquevirus_homini20_MN770375
MN770447,Betatorquevirus_homini20_MN770447
MN770519,Betatorquevirus_homini20_MN770519
MN770545,Betatorquevirus_homini20_MN770545
MN770555,Betatorquevirus_homini20_MN770555
MN770557,Betatorquevirus_homini20_MN770557
MN770569,Betatorquevirus_homini20_MN770569
MN770589,Betatorquevirus_homini20_MN770589
MN770602,Betatorquevirus_homini20_MN770602
MN770737,Betatorquevirus_homini20_MN770737
MN770752,Betatorquevirus_homini20_MN770752
MN770848,Betatorquevirus_homini20_MN770848
MN770905,Betatorquevirus_homini20_MN770905
MN770993,Betatorquevirus_homini20_MN770993
MN771087,Betatorquevirus_homini20_MN771087
MN771163,Betatorquevirus_homini20_MN771163
MN771310,Betatorquevirus_homini20_MN771310
MN771425,Betatorquevirus_homini20_MN771425
MN771455,Betatorquevirus_homini20_MN771455
MN771642,Betatorquevirus_homini20_MN771642
MN771671,Betatorquevirus_homini20_MN771671
MN771705,Betatorquevirus_homini20_MN771705
MN771712,Betatorquevirus_homini20_MN771712
MN771854,Betatorquevirus_homini20_MN771854
MN771863,Betatorquevirus_homini20_MN771863
MN772026,Betatorquevirus_homini20_MN772026
MN772103,Betatorquevirus_homini20_MN772103
MN772301,Betatorquevirus_homini20_MN772301
MN772513,Betatorquevirus_homini20_MN772513
MN772604,Betatorquevirus_homini20_MN772604
MN772616,Betatorquevirus_homini20_MN772616
MN772659,Betatorquevirus_homini20_MN772659
MN772771,Betatorquevirus_homini20_MN772771
MN773181,Betatorquevirus_homini20_MN773181
MN773189,Betatorquevirus_homini20_MN773189
MN773259,Betatorquevirus_homini20_MN773259
MN773627,Betatorquevirus_homini20_MN773627
MN773727,Betatorquevirus_homini20_MN773727
MN773865,Betatorquevirus_homini20_MN773865
MN773929,Betatorquevirus_homini20_MN773929
MN774193,Betatorquevirus_homini20_MN774193
MN774251,Betatorquevirus_homini20_MN774251
MN774252,Betatorquevirus_homini20_MN774252
MN774297,Betatorquevirus_homini20_MN774297
MN774299,Betatorquevirus_homini20_MN774299
MN774390,Betatorquevirus_homini20_MN774390
MN774615,Betatorquevirus_homini20_MN774615
MN774684,Betatorquevirus_homini20_MN774684
MN774716,Betatorquevirus_homini20_MN774716
MW455430,Betatorquevirus_homini20_MW455430
MZ286033,Betatorquevirus_homini20_MZ286033
MZ286195,Betatorquevirus_homini20_MZ286195
MZ286230,Betatorquevirus_homini20_MZ286230
MZ286249,Betatorquevirus_homini20_MZ286249
MZ824901,Betatorquevirus_homini20_MZ824901
OK574353,Betatorquevirus_homini20_OK574353
OK574364,Betatorquevirus_homini20_OK574364
OK574388,Betatorquevirus_homini20_OK574388
OK574439,Betatorquevirus_homini20_OK574439
PQ581024,Betatorquevirus_homini20_PQ581024
PV013135,Betatorquevirus_homini20_PV013135
PV013136,Betatorquevirus_homini20_PV013136
PV013137,Betatorquevirus_homini20_PV013137
JX134046,Betatorquevirus_homini19_JX134046
MN165102,Betatorquevirus_homini19_MN165102
MN768569,Betatorquevirus_homini19_MN768569
MN768614,Betatorquevirus_homini19_MN768614
MN768628,Betatorquevirus_homini19_MN768628
MN768664,Betatorquevirus_homini19_MN768664
MN768683,Betatorquevirus_homini19_MN768683
MN768694,Betatorquevirus_homini19_MN768694
MN768867,Betatorquevirus_homini19_MN768867
MN768875,Betatorquevirus_homini19_MN768875
MN768975,Betatorquevirus_homini19_MN768975
MN768996,Betatorquevirus_homini19_MN768996
MN769030,Betatorquevirus_homini19_MN769030
MN769067,Betatorquevirus_homini19_MN769067
MN769105,Betatorquevirus_homini19_MN769105
MN769107,Betatorquevirus_homini19_MN769107
MN769226,Betatorquevirus_homini19_MN769226
MN769276,Betatorquevirus_homini19_MN769276
MN769300,Betatorquevirus_homini19_MN769300
MN769415,Betatorquevirus_homini19_MN769415
MN769527,Betatorquevirus_homini19_MN769527
MN769845,Betatorquevirus_homini19_MN769845
MN769909,Betatorquevirus_homini19_MN769909
MN770120,Betatorquevirus_homini19_MN770120
MN770136,Betatorquevirus_homini19_MN770136
MN770246,Betatorquevirus_homini19_MN770246
MN770250,Betatorquevirus_homini19_MN770250
MN770331,Betatorquevirus_homini19_MN770331
MN770371,Betatorquevirus_homini19_MN770371
MN770398,Betatorquevirus_homini19_MN770398
MN770410,Betatorquevirus_homini19_MN770410
MN770507,Betatorquevirus_homini19_MN770507
MN770574,Betatorquevirus_homini19_MN770574
MN770760,Betatorquevirus_homini19_MN770760
MN770817,Betatorquevirus_homini19_MN770817
MN771445,Betatorquevirus_homini19_MN771445
MN771541,Betatorquevirus_homini19_MN771541
MN771688,Betatorquevirus_homini19_MN771688
MN772008,Betatorquevirus_homini19_MN772008
MN772494,Betatorquevirus_homini19_MN772494
MN772505,Betatorquevirus_homini19_MN772505
MN772693,Betatorquevirus_homini19_MN772693
MN773465,Betatorquevirus_homini19_MN773465
MN774138,Betatorquevirus_homini19_MN774138
MZ824939,Betatorquevirus_homini19_MZ824939
ON706338,Betatorquevirus_homini19_ON706338
PV013139,Betatorquevirus_homini19_PV013139
KY856742,Betatorquevirus_homini13_KY856742
MN768708,Betatorquevirus_homini13_MN768708
MN768830,Betatorquevirus_homini13_MN768830
MN769031,Betatorquevirus_homini13_MN769031
MN769231,Betatorquevirus_homini13_MN769231
MN769348,Betatorquevirus_homini13_MN769348
MN769380,Betatorquevirus_homini13_MN769380
MN769403,Betatorquevirus_homini13_MN769403
MN769413,Betatorquevirus_homini13_MN769413
MN769454,Betatorquevirus_homini13_MN769454
MN769457,Betatorquevirus_homini13_MN769457
MN769846,Betatorquevirus_homini13_MN769846
MN769847,Betatorquevirus_homini13_MN769847
MN769867,Betatorquevirus_homini13_MN769867
MN769882,Betatorquevirus_homini13_MN769882
MN769903,Betatorquevirus_homini13_MN769903
MN769966,Betatorquevirus_homini13_MN769966
MN769972,Betatorquevirus_homini13_MN769972
MN770076,Betatorquevirus_homini13_MN770076
MN770112,Betatorquevirus_homini13_MN770112
MN770179,Betatorquevirus_homini13_MN770179
MN770185,Betatorquevirus_homini13_MN770185
MN770188,Betatorquevirus_homini13_MN770188
MN770252,Betatorquevirus_homini13_MN770252
MN770302,Betatorquevirus_homini13_MN770302
MN770659,Betatorquevirus_homini13_MN770659
MN770702,Betatorquevirus_homini13_MN770702
MN770890,Betatorquevirus_homini13_MN770890
MN770896,Betatorquevirus_homini13_MN770896
MN771067,Betatorquevirus_homini13_MN771067
MN771316,Betatorquevirus_homini13_MN771316
MN771319,Betatorquevirus_homini13_MN771319
MN771322,Betatorquevirus_homini13_MN771322
MN771329,Betatorquevirus_homini13_MN771329
MN771625,Betatorquevirus_homini13_MN771625
MN772311,Betatorquevirus_homini13_MN772311
MN772661,Betatorquevirus_homini13_MN772661
MN774534,Betatorquevirus_homini13_MN774534
MZ286281,Betatorquevirus_homini13_MZ286281
MH017546,Betatorquevirus_homini14_MH017546
MH017554,Betatorquevirus_homini14_MH017554
MN768717,Betatorquevirus_homini14_MN768717
MN768735,Betatorquevirus_homini14_MN768735
MN768754,Betatorquevirus_homini14_MN768754
MN768887,Betatorquevirus_homini14_MN768887
MN769104,Betatorquevirus_homini14_MN769104
MN769106,Betatorquevirus_homini14_MN769106
MN769174,Betatorquevirus_homini14_MN769174
MN769194,Betatorquevirus_homini14_MN769194
MN769289,Betatorquevirus_homini14_MN769289
MN769346,Betatorquevirus_homini14_MN769346
MN769405,Betatorquevirus_homini14_MN769405
MN769608,Betatorquevirus_homini14_MN769608
MN769614,Betatorquevirus_homini14_MN769614
MN770100,Betatorquevirus_homini14_MN770100
MN770285,Betatorquevirus_homini14_MN770285
MN771159,Betatorquevirus_homini14_MN771159
MN771276,Betatorquevirus_homini14_MN771276
MN771782,Betatorquevirus_homini14_MN771782
MN772102,Betatorquevirus_homini14_MN772102
JX134044,Betatorquevirus_homini15_JX134044
MK139485,Betatorquevirus_homini15_MK139485
MN768584,Betatorquevirus_homini15_MN768584
MN768693,Betatorquevirus_homini15_MN768693
MN768696,Betatorquevirus_homini15_MN768696
MN768857,Betatorquevirus_homini15_MN768857
MN768883,Betatorquevirus_homini15_MN768883
MN768892,Betatorquevirus_homini15_MN768892
MN768959,Betatorquevirus_homini15_MN768959
MN769036,Betatorquevirus_homini15_MN769036
MN769041,Betatorquevirus_homini15_MN769041
MN769051,Betatorquevirus_homini15_MN769051
MN769057,Betatorquevirus_homini15_MN769057
MN769059,Betatorquevirus_homini15_MN769059
MN769136,Betatorquevirus_homini15_MN769136
MN769157,Betatorquevirus_homini15_MN769157
MN769163,Betatorquevirus_homini15_MN769163
MN769188,Betatorquevirus_homini15_MN769188
MN769189,Betatorquevirus_homini15_MN769189
MN769244,Betatorquevirus_homini15_MN769244
MN769254,Betatorquevirus_homini15_MN769254
MN769277,Betatorquevirus_homini15_MN769277
MN769303,Betatorquevirus_homini15_MN769303
MN769369,Betatorquevirus_homini15_MN769369
MN769396,Betatorquevirus_homini15_MN769396
MN769676,Betatorquevirus_homini15_MN769676
MN770024,Betatorquevirus_homini15_MN770024
MN770062,Betatorquevirus_homini15_MN770062
MN770145,Betatorquevirus_homini15_MN770145
MN770193,Betatorquevirus_homini15_MN770193
MN770324,Betatorquevirus_homini15_MN770324
MN770474,Betatorquevirus_homini15_MN770474
MN770605,Betatorquevirus_homini15_MN770605
MN770631,Betatorquevirus_homini15_MN770631
MN770928,Betatorquevirus_homini15_MN770928
MN771183,Betatorquevirus_homini15_MN771183
MN771360,Betatorquevirus_homini15_MN771360
MN772272,Betatorquevirus_homini15_MN772272
MN772432,Betatorquevirus_homini15_MN772432
MN772612,Betatorquevirus_homini15_MN772612
MN774325,Betatorquevirus_homini15_MN774325
MN774395,Betatorquevirus_homini15_MN774395
MT783403,Betatorquevirus_homini15_MT783403
OQ971822,Betatorquevirus_homini15_OQ971822
KM259874,Betatorquevirus_homini16_KM259874
MN768811,Betatorquevirus_homini16_MN768811
MN769633,Betatorquevirus_homini16_MN769633
MN769656,Betatorquevirus_homini16_MN769656
MN769716,Betatorquevirus_homini16_MN769716
MN770143,Betatorquevirus_homini16_MN770143
MN770660,Betatorquevirus_homini16_MN770660
MN771068,Betatorquevirus_homini16_MN771068
MN771104,Betatorquevirus_homini16_MN771104
MN771144,Betatorquevirus_homini16_MN771144
MN771702,Betatorquevirus_homini16_MN771702
MN772051,Betatorquevirus_homini16_MN772051
MN772600,Betatorquevirus_homini16_MN772600
MN774437,Betatorquevirus_homini16_MN774437
MN774721,Betatorquevirus_homini16_MN774721
MZ825099,Betatorquevirus_homini16_MZ825099
BK032500,Betatorquevirus_homini17_BK032500
MH648907,Betatorquevirus_homini17_MH648907
MN768757,Betatorquevirus_homini17_MN768757
MN769069,Betatorquevirus_homini17_MN769069
MN769074,Betatorquevirus_homini17_MN769074
MN769082,Betatorquevirus_homini17_MN769082
MN769273,Betatorquevirus_homini17_MN769273
MN769330,Betatorquevirus_homini17_MN769330
MN769353,Betatorquevirus_homini17_MN769353
MN769424,Betatorquevirus_homini17_MN769424
MN769427,Betatorquevirus_homini17_MN769427
MN769501,Betatorquevirus_homini17_MN769501
MN769523,Betatorquevirus_homini17_MN769523
MN769565,Betatorquevirus_homini17_MN769565
MN769617,Betatorquevirus_homini17_MN769617
MN769838,Betatorquevirus_homini17_MN769838
MN770119,Betatorquevirus_homini17_MN770119
MN770314,Betatorquevirus_homini17_MN770314
MN770317,Betatorquevirus_homini17_MN770317
MN770351,Betatorquevirus_homini17_MN770351
MN770469,Betatorquevirus_homini17_MN770469
MN770639,Betatorquevirus_homini17_MN770639
MN770717,Betatorquevirus_homini17_MN770717
MN770973,Betatorquevirus_homini17_MN770973
MN771083,Betatorquevirus_homini17_MN771083
MN771304,Betatorquevirus_homini17_MN771304
MN771478,Betatorquevirus_homini17_MN771478
MN772597,Betatorquevirus_homini17_MN772597
MN772626,Betatorquevirus_homini17_MN772626
MN772759,Betatorquevirus_homini17_MN772759
MN773193,Betatorquevirus_homini17_MN773193
MN773810,Betatorquevirus_homini17_MN773810
MN774083,Betatorquevirus_homini17_MN774083
MN774096,Betatorquevirus_homini17_MN774096
MN774526,Betatorquevirus_homini17_MN774526
MN774658,Betatorquevirus_homini17_MN774658
MN774731,Betatorquevirus_homini17_MN774731
MT506588,Betatorquevirus_homini17_MT506588
MZ286174,Betatorquevirus_homini17_MZ286174
KF764701,Betatorquevirus_homini18_KF764701
MN768873,Betatorquevirus_homini18_MN768873
MN774906,Betatorquevirus_homini18_MN774906
KX810063,Betatorquevirus_homini23_KX810063
MN768768,Betatorquevirus_homini23_MN768768
MN769558,Betatorquevirus_homini23_MN769558
MN769597,Betatorquevirus_homini23_MN769597
MN769598,Betatorquevirus_homini23_MN769598
MN769939,Betatorquevirus_homini23_MN769939
MN770421,Betatorquevirus_homini23_MN770421
MN770562,Betatorquevirus_homini23_MN770562
MN770786,Betatorquevirus_homini23_MN770786
MN774331,Betatorquevirus_homini23_MN774331
AB041963,Betatorquevirus_homini4_AB041963
AB041962,Betatorquevirus_homini5/22_AB041962
BK016626,Betatorquevirus_homini5/22_BK016626
BK016990,Betatorquevirus_homini5/22_BK016990
BK017267,Betatorquevirus_homini5/22_BK017267
BK032524,Betatorquevirus_homini5/22_BK032524
JX134045,Betatorquevirus_homini5/22_JX134045
MK212031,Betatorquevirus_homini5/22_MK212031
MN165093,Betatorquevirus_homini5/22_MN165093
MN768582,Betatorquevirus_homini5/22_MN768582
MN768627,Betatorquevirus_homini5/22_MN768627
MN768642,Betatorquevirus_homini5/22_MN768642
MN768674,Betatorquevirus_homini5/22_MN768674
MN768711,Betatorquevirus_homini5/22_MN768711
MN768716,Betatorquevirus_homini5/22_MN768716
MN768807,Betatorquevirus_homini5/22_MN768807
MN768827,Betatorquevirus_homini5/22_MN768827
MN768828,Betatorquevirus_homini5/22_MN768828
MN768859,Betatorquevirus_homini5/22_MN768859
MN768894,Betatorquevirus_homini5/22_MN768894
MN769042,Betatorquevirus_homini5/22_MN769042
MN769046,Betatorquevirus_homini5/22_MN769046
MN769171,Betatorquevirus_homini5/22_MN769171
MN769181,Betatorquevirus_homini5/22_MN769181
MN769326,Betatorquevirus_homini5/22_MN769326
MN769385,Betatorquevirus_homini5/22_MN769385
MN769409,Betatorquevirus_homini5/22_MN769409
MN769411,Betatorquevirus_homini5/22_MN769411
MN769586,Betatorquevirus_homini5/22_MN769586
MN769636,Betatorquevirus_homini5/22_MN769636
MN769644,Betatorquevirus_homini5/22_MN769644
MN769694,Betatorquevirus_homini5/22_MN769694
MN769837,Betatorquevirus_homini5/22_MN769837
MN769844,Betatorquevirus_homini5/22_MN769844
MN770063,Betatorquevirus_homini5/22_MN770063
MN770170,Betatorquevirus_homini5/22_MN770170
MN770289,Betatorquevirus_homini5/22_MN770289
MN770393,Betatorquevirus_homini5/22_MN770393
MN770459,Betatorquevirus_homini5/22_MN770459
MN770515,Betatorquevirus_homini5/22_MN770515
MN770755,Betatorquevirus_homini5/22_MN770755
MN770908,Betatorquevirus_homini5/22_MN770908
MN770915,Betatorquevirus_homini5/22_MN770915
MN771943,Betatorquevirus_homini5/22_MN771943
MN772742,Betatorquevirus_homini5/22_MN772742
MN773067,Betatorquevirus_homini5/22_MN773067
MN773256,Betatorquevirus_homini5/22_MN773256
MH648977,Betatorquevirus_homini1_MH648977
MN772500,Betatorquevirus_homini1_MN772500
PP857150,Betatorquevirus_homini1_PP857150
KP343851,Betatorquevirus_homini36_KP343851
MN774621,Betatorquevirus_homini12/26_MN774621
MN771158,Betatorquevirus_homini12/26_MN771158
MN771262,Betatorquevirus_homini6_MN771262
MZ286290,Betatorquevirus_homini20_MZ286290
MN768743,Betatorquevirus_homini414_MN768743
MN770758,Betatorquevirus_homini911_MN770758
BK069232,Betatorquevirus_homini1_BK069232
BK069236,Betatorquevirus_homini1_BK069236
BK069264,Betatorquevirus_homini1_BK069264
BK069276,Betatorquevirus_homini1_BK069276
BK069388,Betatorquevirus_homini1_BK069388
BK069519,Betatorquevirus_homini1_BK069519
BK069561,Betatorquevirus_homini1_BK069561
BK069771,Betatorquevirus_homini1_BK069771
MN769073,Betatorquevirus_homini1_MN769073
MN770405,Betatorquevirus_homini1_MN770405
MN772914,Betatorquevirus_homini1_MN772914
MN773610,Betatorquevirus_homini1_MN773610
MN773706,Betatorquevirus_homini1_MN773706
MN773775,Betatorquevirus_homini1_MN773775
OK574415,Betatorquevirus_homini1_OK574415
PP816634,Betatorquevirus_homini1_PP816634
MN771979,Betatorquevirus_homini10_MN771979
MN774398,Betatorquevirus_homini10_MN774398
BK069250,Betatorquevirus_homini103_BK069250
MN772610,Betatorquevirus_homini103_MN772610
MN772129,Betatorquevirus_homini104_MN772129
MN768770,Betatorquevirus_homini107_MN768770
MN770312,Betatorquevirus_homini109_MN770312
BK069220,Betatorquevirus_homini11_BK069220
BK069493,Betatorquevirus_homini11_BK069493
BK069530,Betatorquevirus_homini11_BK069530
MN770889,Betatorquevirus_homini11_MN770889
MN771365,Betatorquevirus_homini11_MN771365
BK069406,Betatorquevirus_homini12/26_BK069406
MN769887,Betatorquevirus_homini12/26_MN769887
MN769969,Betatorquevirus_homini12/26_MN769969
MN770624,Betatorquevirus_homini12/26_MN770624
MN771707,Betatorquevirus_homini12/26_MN771707
MN773264,Betatorquevirus_homini12/26_MN773264
MZ825145,Betatorquevirus_homini12/26_MZ825145
MN770383,Betatorquevirus_homini13_MN770383
MN770883,Betatorquevirus_homini13_MN770883
MN771769,Betatorquevirus_homini14_MN771769
BK068996,Betatorquevirus_homini15_BK068996
MN769124,Betatorquevirus_homini15_MN769124
MN768976,Betatorquevirus_homini19_MN768976
MN770977,Betatorquevirus_homini19_MN770977
MN774365,Betatorquevirus_homini19_MN774365
MN774862,Betatorquevirus_homini19_MN774862
BK069089,Betatorquevirus_homini2_BK069089
BK069536,Betatorquevirus_homini2_BK069536
MN772531,Betatorquevirus_homini2_MN772531
MN773139,Betatorquevirus_homini2_MN773139
MN774285,Betatorquevirus_homini2_MN774285
MN774506,Betatorquevirus_homini2_MN774506
PV013123,Betatorquevirus_homini2_PV013123
BK069199,Betatorquevirus_homini20_BK069199
BK069203,Betatorquevirus_homini20_BK069203
BK069210,Betatorquevirus_homini20_BK069210
BK069249,Betatorquevirus_homini20_BK069249
BK069254,Betatorquevirus_homini20_BK069254
BK069271,Betatorquevirus_homini20_BK069271
BK069459,Betatorquevirus_homini20_BK069459
BK069491,Betatorquevirus_homini20_BK069491
BK069494,Betatorquevirus_homini20_BK069494
MN769455,Betatorquevirus_homini20_MN769455
MN770823,Betatorquevirus_homini20_MN770823
MN770859,Betatorquevirus_homini20_MN770859
MN771794,Betatorquevirus_homini20_MN771794
MN772915,Betatorquevirus_homini20_MN772915
MN773469,Betatorquevirus_homini201_MN773469
MN769974,Betatorquevirus_homini202_MN769974
MN773695,Betatorquevirus_homini202_MN773695
BK069693,Betatorquevirus_homini203_BK069693
BK069040,Betatorquevirus_homini205_BK069040
BK069252,Betatorquevirus_homini205_BK069252
BK069202,Betatorquevirus_homini21_BK069202
BK069212,Betatorquevirus_homini24_BK069212
BK069419,Betatorquevirus_homini24_BK069419
MN772048,Betatorquevirus_homini24_MN772048
MN772521,Betatorquevirus_homini24_MN772521
BK069224,Betatorquevirus_homini27_BK069224
BK069278,Betatorquevirus_homini27_BK069278
MN768773,Betatorquevirus_homini27_MN768773
MN773153,Betatorquevirus_homini27_MN773153
MH017568,Betatorquevirus_homini28_MH017568
MN773260,Betatorquevirus_homini28_MN773260
MN773057,Betatorquevirus_homini29_MN773057
MN773751,Betatorquevirus_homini29_MN773751
OK574408,Betatorquevirus_homini304_OK574408
BK069227,Betatorquevirus_homini32_BK069227
BK069237,Betatorquevirus_homini32_BK069237
BK069393,Betatorquevirus_homini32_BK069393
BK069767,Betatorquevirus_homini32_BK069767
OR197588,Betatorquevirus_homini32_OR197588
BK069070,Betatorquevirus_homini33_BK069070
MN772099,Betatorquevirus_homini34_MN772099
BK069084,Betatorquevirus_homini36_BK069084
BK069158,Betatorquevirus_homini36_BK069158
BK069160,Betatorquevirus_homini36_BK069160
BK069206,Betatorquevirus_homini36_BK069206
BK069211,Betatorquevirus_homini36_BK069211
BK069226,Betatorquevirus_homini36_BK069226
BK069230,Betatorquevirus_homini36_BK069230
BK069259,Betatorquevirus_homini36_BK069259
BK069363,Betatorquevirus_homini36_BK069363
BK069422,Betatorquevirus_homini36_BK069422
BK069573,Betatorquevirus_homini36_BK069573
BK069649,Betatorquevirus_homini36_BK069649
BK069804,Betatorquevirus_homini36_BK069804
MN771303,Betatorquevirus_homini36_MN771303
MN771693,Betatorquevirus_homini36_MN771693
MN774468,Betatorquevirus_homini36_MN774468
BK069218,Betatorquevirus_homini38_BK069218
BK069265,Betatorquevirus_homini38_BK069265
BK069268,Betatorquevirus_homini38_BK069268
BK069645,Betatorquevirus_homini38_BK069645
OK574365,Betatorquevirus_homini38_OK574365
MN768640,Betatorquevirus_homini39_MN768640
MN773844,Betatorquevirus_homini39_MN773844
MN774845,Betatorquevirus_homini39_MN774845
PV013361,Betatorquevirus_homini39_PV013361
KT027941,Betatorquevirus_homini40_KT027941
MN773829,Betatorquevirus_homini41_MN773829
MN768739,Betatorquevirus_homini42_MN768739
MN769398,Betatorquevirus_homini42_MN769398
MN774488,Betatorquevirus_homini42_MN774488
MZ286111,Betatorquevirus_homini42_MZ286111
MN770109,Betatorquevirus_homini101_MN770109
MN769383,Betatorquevirus_homini102_MN769383
MN772373,Betatorquevirus_homini103_MN772373
MN768991,Betatorquevirus_homini104_MN768991
MN773417,Betatorquevirus_homini104_MN773417
MZ286058,Betatorquevirus_homini104_MZ286058
MZ824832,Betatorquevirus_homini104_MZ824832
OK574442,Betatorquevirus_homini104_OK574442
MN772420,Betatorquevirus_homini105_MN772420
MN768589,Betatorquevirus_homini106_MN768589
KU243129,Betatorquevirus_homini107_KU243129
MN768587,Betatorquevirus_homini107_MN768587
MN768733,Betatorquevirus_homini107_MN768733
MN769790,Betatorquevirus_homini107_MN769790
MN770034,Betatorquevirus_homini107_MN770034
MN770318,Betatorquevirus_homini107_MN770318
MN770500,Betatorquevirus_homini107_MN770500
MN770535,Betatorquevirus_homini107_MN770535
MN770885,Betatorquevirus_homini107_MN770885
MN772073,Betatorquevirus_homini107_MN772073
MN772427,Betatorquevirus_homini107_MN772427
MN772458,Betatorquevirus_homini107_MN772458
MN772814,Betatorquevirus_homini107_MN772814
MN774540,Betatorquevirus_homini107_MN774540
MW455431,Betatorquevirus_homini107_MW455431
MN768611,Betatorquevirus_homini108_MN768611
MN774026,Betatorquevirus_homini108_MN774026
MN768791,Betatorquevirus_homini109_MN768791
MN768865,Betatorquevirus_homini109_MN768865
MN770922,Betatorquevirus_homini109_MN770922
PP857125,Betatorquevirus_homini109_PP857125
MN768701,Betatorquevirus_homini110_MN768701
MN770560,Betatorquevirus_homini110_MN770560
MN768902,Betatorquevirus_homini111_MN768902
MN768836,Betatorquevirus_homini112_MN768836
OQ971823,Betatorquevirus_homini112_OQ971823
KT027935,Betatorquevirus_homini206_KT027935
MN768747,Betatorquevirus_homini201_MN768747
MN769293,Betatorquevirus_homini201_MN769293
MN771224,Betatorquevirus_homini201_MN771224
MN771516,Betatorquevirus_homini201_MN771516
MN771738,Betatorquevirus_homini201_MN771738
MN772106,Betatorquevirus_homini201_MN772106
MN772130,Betatorquevirus_homini201_MN772130
MN772189,Betatorquevirus_homini201_MN772189
MN772245,Betatorquevirus_homini201_MN772245
MN772561,Betatorquevirus_homini201_MN772561
MN773161,Betatorquevirus_homini201_MN773161
MN773258,Betatorquevirus_homini201_MN773258
MN768573,Betatorquevirus_homini202_MN768573
MN768666,Betatorquevirus_homini202_MN768666
MN768750,Betatorquevirus_homini202_MN768750
MN769099,Betatorquevirus_homini202_MN769099
MN769535,Betatorquevirus_homini202_MN769535
MN771348,Betatorquevirus_homini202_MN771348
MN771708,Betatorquevirus_homini202_MN771708
MN771970,Betatorquevirus_homini202_MN771970
MN772699,Betatorquevirus_homini202_MN772699
MN773227,Betatorquevirus_homini202_MN773227
MN774726,Betatorquevirus_homini202_MN774726
MN771853,Betatorquevirus_homini203_MN771853
MN772083,Betatorquevirus_homini203_MN772083
MN772098,Betatorquevirus_homini203_MN772098
MN772150,Betatorquevirus_homini203_MN772150
MN772435,Betatorquevirus_homini203_MN772435
MN772562,Betatorquevirus_homini203_MN772562
MN772676,Betatorquevirus_homini203_MN772676
MN772792,Betatorquevirus_homini203_MN772792
MN772965,Betatorquevirus_homini203_MN772965
MN773240,Betatorquevirus_homini203_MN773240
MN774881,Betatorquevirus_homini204_MN774881
MN768702,Betatorquevirus_homini205_MN768702
MN770346,Betatorquevirus_homini205_MN770346
MN770957,Betatorquevirus_homini205_MN770957
MN771070,Betatorquevirus_homini205_MN771070
MN771560,Betatorquevirus_homini205_MN771560
MN772125,Betatorquevirus_homini205_MN772125
MN772167,Betatorquevirus_homini205_MN772167
MN772286,Betatorquevirus_homini205_MN772286
MN772452,Betatorquevirus_homini205_MN772452
MN772607,Betatorquevirus_homini205_MN772607
MN772798,Betatorquevirus_homini205_MN772798
OK574349,Betatorquevirus_homini205_OK574349
PP857127,Betatorquevirus_homini205_PP857127
PP857129,Betatorquevirus_homini205_PP857129
MN768615,Betatorquevirus_homini301_MN768615
MN774744,Betatorquevirus_homini301_MN774744
MN768616,Betatorquevirus_homini302_MN768616
MN768625,Betatorquevirus_homini302_MN768625
MN768714,Betatorquevirus_homini302_MN768714
MN768722,Betatorquevirus_homini302_MN768722
MN768905,Betatorquevirus_homini302_MN768905
MN768934,Betatorquevirus_homini302_MN768934
MN769045,Betatorquevirus_homini302_MN769045
MN769112,Betatorquevirus_homini302_MN769112
MN769192,Betatorquevirus_homini302_MN769192
MN769596,Betatorquevirus_homini302_MN769596
MN769890,Betatorquevirus_homini302_MN769890
MN769988,Betatorquevirus_homini302_MN769988
MN770036,Betatorquevirus_homini302_MN770036
MN770044,Betatorquevirus_homini302_MN770044
MN770128,Betatorquevirus_homini302_MN770128
MN770160,Betatorquevirus_homini302_MN770160
MN770184,Betatorquevirus_homini302_MN770184
MN770888,Betatorquevirus_homini302_MN770888
MN771017,Betatorquevirus_homini302_MN771017
MN771044,Betatorquevirus_homini302_MN771044
MN771644,Betatorquevirus_homini302_MN771644
MN771749,Betatorquevirus_homini302_MN771749
MN771861,Betatorquevirus_homini302_MN771861
MN772107,Betatorquevirus_homini302_MN772107
MN772152,Betatorquevirus_homini302_MN772152
MN772350,Betatorquevirus_homini302_MN772350
MN772876,Betatorquevirus_homini302_MN772876
MN773180,Betatorquevirus_homini302_MN773180
MN773784,Betatorquevirus_homini302_MN773784
MN774017,Betatorquevirus_homini302_MN774017
MN774241,Betatorquevirus_homini302_MN774241
MT157223,Betatorquevirus_homini302_MT157223
MT210805,Betatorquevirus_homini302_MT210805
OQ064562,Betatorquevirus_homini302_OQ064562
PP857162,Betatorquevirus_homini302_PP857162
MN773186,Betatorquevirus_homini303_MN773186
PP857163,Betatorquevirus_homini303_PP857163
MN771877,Betatorquevirus_homini304_MN771877
MN772617,Betatorquevirus_homini304_MN772617
MN773923,Betatorquevirus_homini304_MN773923
MN769242,Betatorquevirus_homini306_MN769242
MN768853,Betatorquevirus_homini401_MN768853
MN768705,Betatorquevirus_homini402_MN768705
MN769191,Betatorquevirus_homini402_MN769191
MN769404,Betatorquevirus_homini402_MN769404
MN769475,Betatorquevirus_homini402_MN769475
PV013324,Betatorquevirus_homini402_PV013324
MN768624,Betatorquevirus_homini403_MN768624
MN768688,Betatorquevirus_homini403_MN768688
MN768706,Betatorquevirus_homini403_MN768706
MN768907,Betatorquevirus_homini403_MN768907
MN769088,Betatorquevirus_homini403_MN769088
MN769184,Betatorquevirus_homini403_MN769184
MN769212,Betatorquevirus_homini403_MN769212
MN769230,Betatorquevirus_homini403_MN769230
MN769266,Betatorquevirus_homini403_MN769266
MN769296,Betatorquevirus_homini403_MN769296
MN769325,Betatorquevirus_homini403_MN769325
MN769802,Betatorquevirus_homini403_MN769802
MN770040,Betatorquevirus_homini403_MN770040
MN771410,Betatorquevirus_homini403_MN771410
MN771511,Betatorquevirus_homini403_MN771511
MN771773,Betatorquevirus_homini403_MN771773
MN774305,Betatorquevirus_homini403_MN774305
MN774321,Betatorquevirus_homini403_MN774321
MN774768,Betatorquevirus_homini403_MN774768
OK574412,Betatorquevirus_homini403_OK574412
MN770147,Betatorquevirus_homini404_MN770147
MN771263,Betatorquevirus_homini404_MN771263
MN771732,Betatorquevirus_homini404_MN771732
MZ286285,Betatorquevirus_homini404_MZ286285
PP857131,Betatorquevirus_homini404_PP857131
PP857164,Betatorquevirus_homini404_PP857164
PV013202,Betatorquevirus_homini404_PV013202
MN768765,Betatorquevirus_homini405_MN768765
MN768812,Betatorquevirus_homini405_MN768812
MN768896,Betatorquevirus_homini405_MN768896
MN769060,Betatorquevirus_homini405_MN769060
MN769460,Betatorquevirus_homini405_MN769460
MN771136,Betatorquevirus_homini405_MN771136
MN771546,Betatorquevirus_homini405_MN771546
MN772428,Betatorquevirus_homini405_MN772428
MN773299,Betatorquevirus_homini405_MN773299
OK574384,Betatorquevirus_homini405_OK574384
PV013325,Betatorquevirus_homini405_PV013325
MN768752,Betatorquevirus_homini406_MN768752
MN768923,Betatorquevirus_homini406_MN768923
MN768973,Betatorquevirus_homini406_MN768973
MN769441,Betatorquevirus_homini406_MN769441
MN770511,Betatorquevirus_homini406_MN770511
MN771789,Betatorquevirus_homini406_MN771789
MN771948,Betatorquevirus_homini406_MN771948
MN772673,Betatorquevirus_homini406_MN772673
MN773918,Betatorquevirus_homini406_MN773918
MW455445,Betatorquevirus_homini406_MW455445
MZ286136,Betatorquevirus_homini406_MZ286136
OK574370,Betatorquevirus_homini406_OK574370
PP816635,Betatorquevirus_homini406_PP816635
PP816674,Betatorquevirus_homini406_PP816674
PP857132,Betatorquevirus_homini406_PP857132
PP857133,Betatorquevirus_homini406_PP857133
PP857135,Betatorquevirus_homini406_PP857135
PP857136,Betatorquevirus_homini406_PP857136
PV013129,Betatorquevirus_homini406_PV013129
MN768766,Betatorquevirus_homini407_MN768766
MN771041,Betatorquevirus_homini407_MN771041
MN771587,Betatorquevirus_homini407_MN771587
OQ064570,Betatorquevirus_homini407_OQ064570
MN771840,Betatorquevirus_homini408_MN771840
MN771613,Betatorquevirus_homini409_MN771613
MN773167,Betatorquevirus_homini410_MN773167
MN773889,Betatorquevirus_homini410_MN773889
MN768644,Betatorquevirus_homini411_MN768644
MN768672,Betatorquevirus_homini411_MN768672
MN768784,Betatorquevirus_homini411_MN768784
MN771776,Betatorquevirus_homini411_MN771776
MN771816,Betatorquevirus_homini411_MN771816
MN771868,Betatorquevirus_homini411_MN771868
MN773347,Betatorquevirus_homini411_MN773347
MN773773,Betatorquevirus_homini411_MN773773
MN768598,Betatorquevirus_homini412_MN768598
MN768678,Betatorquevirus_homini412_MN768678
MN768785,Betatorquevirus_homini412_MN768785
MN769875,Betatorquevirus_homini412_MN769875
MN771528,Betatorquevirus_homini412_MN771528
MN771759,Betatorquevirus_homini412_MN771759
MN771864,Betatorquevirus_homini412_MN771864
MN771944,Betatorquevirus_homini412_MN771944
MN772579,Betatorquevirus_homini412_MN772579
MN772642,Betatorquevirus_homini412_MN772642
MN773112,Betatorquevirus_homini412_MN773112
MN774141,Betatorquevirus_homini412_MN774141
OK574399,Betatorquevirus_homini412_OK574399
PQ581029,Betatorquevirus_homini412_PQ581029
MN768609,Betatorquevirus_homini413_MN768609
MN768619,Betatorquevirus_homini413_MN768619
MN768626,Betatorquevirus_homini413_MN768626
MN768686,Betatorquevirus_homini413_MN768686
MN768719,Betatorquevirus_homini413_MN768719
MN768751,Betatorquevirus_homini413_MN768751
MN768833,Betatorquevirus_homini413_MN768833
MN768847,Betatorquevirus_homini413_MN768847
MN768919,Betatorquevirus_homini413_MN768919
MN768962,Betatorquevirus_homini413_MN768962
MN769008,Betatorquevirus_homini413_MN769008
MN769024,Betatorquevirus_homini413_MN769024
MN769035,Betatorquevirus_homini413_MN769035
MN769137,Betatorquevirus_homini413_MN769137
MN769321,Betatorquevirus_homini413_MN769321
MN769448,Betatorquevirus_homini413_MN769448
MN769670,Betatorquevirus_homini413_MN769670
MN769763,Betatorquevirus_homini413_MN769763
MN770103,Betatorquevirus_homini413_MN770103
MN770622,Betatorquevirus_homini413_MN770622
MN771792,Betatorquevirus_homini413_MN771792
MN772213,Betatorquevirus_homini413_MN772213
MN772903,Betatorquevirus_homini413_MN772903
MN774036,Betatorquevirus_homini413_MN774036
MN774508,Betatorquevirus_homini413_MN774508
MN774670,Betatorquevirus_homini413_MN774670
MZ286258,Betatorquevirus_homini413_MZ286258
OK574363,Betatorquevirus_homini413_OK574363
OK574379,Betatorquevirus_homini413_OK574379
OK574387,Betatorquevirus_homini413_OK574387
PV013130,Betatorquevirus_homini413_PV013130
PV013203,Betatorquevirus_homini413_PV013203
MN768590,Betatorquevirus_homini414_MN768590
MN770067,Betatorquevirus_homini414_MN770067
MN773165,Betatorquevirus_homini414_MN773165
MN773588,Betatorquevirus_homini414_MN773588
MN774360,Betatorquevirus_homini414_MN774360
MN773619,Betatorquevirus_homini415_MN773619
MZ286241,Betatorquevirus_homini415_MZ286241
OK574350,Betatorquevirus_homini415_OK574350
MN768577,Betatorquevirus_homini415_MN768577
MN768586,Betatorquevirus_homini415_MN768586
MN768655,Betatorquevirus_homini415_MN768655
MN768741,Betatorquevirus_homini415_MN768741
MN768749,Betatorquevirus_homini415_MN768749
MN768918,Betatorquevirus_homini415_MN768918
MN769219,Betatorquevirus_homini415_MN769219
MN769508,Betatorquevirus_homini415_MN769508
MN769788,Betatorquevirus_homini415_MN769788
MN770483,Betatorquevirus_homini415_MN770483
MN770532,Betatorquevirus_homini415_MN770532
MN770630,Betatorquevirus_homini415_MN770630
MN771228,Betatorquevirus_homini415_MN771228
MN771273,Betatorquevirus_homini415_MN771273
MN771638,Betatorquevirus_homini415_MN771638
MN772416,Betatorquevirus_homini415_MN772416
MN772459,Betatorquevirus_homini415_MN772459
MN773511,Betatorquevirus_homini415_MN773511
MN773639,Betatorquevirus_homini415_MN773639
MN773766,Betatorquevirus_homini415_MN773766
MN773842,Betatorquevirus_homini415_MN773842
MN773883,Betatorquevirus_homini415_MN773883
MN774158,Betatorquevirus_homini415_MN774158
MN774208,Betatorquevirus_homini415_MN774208
MN774668,Betatorquevirus_homini415_MN774668
MN774672,Betatorquevirus_homini415_MN774672
MN774727,Betatorquevirus_homini415_MN774727
OK574369,Betatorquevirus_homini415_OK574369
OK574394,Betatorquevirus_homini415_OK574394
PQ581030,Betatorquevirus_homini415_PQ581030
PV013131,Betatorquevirus_homini415_PV013131
MH649199,Betatorquevirus_homini501_MH649199
MN768698,Betatorquevirus_homini501_MN768698
MN768744,Betatorquevirus_homini501_MN768744
MN768748,Betatorquevirus_homini501_MN768748
MN768849,Betatorquevirus_homini501_MN768849
MN769077,Betatorquevirus_homini501_MN769077
MN769666,Betatorquevirus_homini501_MN769666
MN770235,Betatorquevirus_homini501_MN770235
MN771752,Betatorquevirus_homini501_MN771752
MN772488,Betatorquevirus_homini501_MN772488
MN773962,Betatorquevirus_homini501_MN773962
MN774616,Betatorquevirus_homini501_MN774616
OK574407,Betatorquevirus_homini501_OK574407
OK574427,Betatorquevirus_homini501_OK574427
PP816642,Betatorquevirus_homini501_PP816642
PP857169,Betatorquevirus_homini501_PP857169
MN771517,Betatorquevirus_homini502_MN771517
MN768631,Betatorquevirus_homini503_MN768631
MN770236,Betatorquevirus_homini503_MN770236
MN770458,Betatorquevirus_homini503_MN770458
MN771221,Betatorquevirus_homini503_MN771221
MN771300,Betatorquevirus_homini503_MN771300
MN771941,Betatorquevirus_homini503_MN771941
MN772633,Betatorquevirus_homini503_MN772633
MZ825133,Betatorquevirus_homini503_MZ825133
MN770242,Betatorquevirus_homini504_MN770242
MN770344,Betatorquevirus_homini504_MN770344
MN770433,Betatorquevirus_homini504_MN770433
OR148954,Betatorquevirus_homini504_OR148954
MH648900,Betatorquevirus_homini601_MH648900
MN772778,Betatorquevirus_homini602_MN772778
MN773014,Betatorquevirus_homini602_MN773014
MN769109,Betatorquevirus_homini603_MN769109
MN768622,Betatorquevirus_homini604_MN768622
MN768779,Betatorquevirus_homini604_MN768779
MN768963,Betatorquevirus_homini604_MN768963
MN769647,Betatorquevirus_homini604_MN769647
MN769742,Betatorquevirus_homini604_MN769742
MN770588,Betatorquevirus_homini604_MN770588
MN771456,Betatorquevirus_homini604_MN771456
MN774781,Betatorquevirus_homini604_MN774781
MN769810,Betatorquevirus_homini605_MN769810
MN770436,Betatorquevirus_homini606_MN770436
MN770897,Betatorquevirus_homini607_MN770897
MN768583,Betatorquevirus_homini608_MN768583
MN769853,Betatorquevirus_homini608_MN769853
MN771459,Betatorquevirus_homini608_MN771459
MN771582,Betatorquevirus_homini608_MN771582
MN772942,Betatorquevirus_homini608_MN772942
MN770761,Betatorquevirus_homini609_MN770761
MN770807,Betatorquevirus_homini609_MN770807
MN771570,Betatorquevirus_homini609_MN771570
MN768675,Betatorquevirus_homini610_MN768675
MN768684,Betatorquevirus_homini610_MN768684
MN768794,Betatorquevirus_homini610_MN768794
MN768964,Betatorquevirus_homini610_MN768964
MN769168,Betatorquevirus_homini610_MN769168
MN769251,Betatorquevirus_homini610_MN769251
MN769316,Betatorquevirus_homini610_MN769316
MN769473,Betatorquevirus_homini610_MN769473
MN769619,Betatorquevirus_homini610_MN769619
MN771431,Betatorquevirus_homini610_MN771431
MN771479,Betatorquevirus_homini610_MN771479
MN771862,Betatorquevirus_homini610_MN771862
MN771937,Betatorquevirus_homini610_MN771937
MN772112,Betatorquevirus_homini610_MN772112
MN772568,Betatorquevirus_homini610_MN772568
MN772811,Betatorquevirus_homini610_MN772811
MN772825,Betatorquevirus_homini610_MN772825
MN772954,Betatorquevirus_homini610_MN772954
MN773135,Betatorquevirus_homini610_MN773135
MN773184,Betatorquevirus_homini610_MN773184
MN773453,Betatorquevirus_homini610_MN773453
MN773769,Betatorquevirus_homini610_MN773769
OK574447,Betatorquevirus_homini610_OK574447
MN769870,Betatorquevirus_homini611_MN769870
MN768852,Betatorquevirus_homini612_MN768852
MN768986,Betatorquevirus_homini613_MN768986
MN772259,Betatorquevirus_homini613_MN772259
MN773156,Betatorquevirus_homini613_MN773156
KP343863,Betatorquevirus_homini614_KP343863
MN769018,Betatorquevirus_homini614_MN769018
MN769049,Betatorquevirus_homini614_MN769049
MN769156,Betatorquevirus_homini614_MN769156
MN772515,Betatorquevirus_homini614_MN772515
KT163888,Betatorquevirus_homini615_KT163888
MN768789,Betatorquevirus_homini615_MN768789
MN768935,Betatorquevirus_homini615_MN768935
MN768957,Betatorquevirus_homini615_MN768957
MN768982,Betatorquevirus_homini615_MN768982
MN768987,Betatorquevirus_homini615_MN768987
MN769756,Betatorquevirus_homini615_MN769756
MN769776,Betatorquevirus_homini615_MN769776
MN769795,Betatorquevirus_homini615_MN769795
MN769816,Betatorquevirus_homini615_MN769816
MN769897,Betatorquevirus_homini615_MN769897
MN771117,Betatorquevirus_homini615_MN771117
MN771364,Betatorquevirus_homini615_MN771364
MN772396,Betatorquevirus_homini615_MN772396
MN772523,Betatorquevirus_homini615_MN772523
MN772578,Betatorquevirus_homini615_MN772578
MN772766,Betatorquevirus_homini615_MN772766
MN772886,Betatorquevirus_homini615_MN772886
MN773160,Betatorquevirus_homini615_MN773160
MN773237,Betatorquevirus_homini615_MN773237
MN773344,Betatorquevirus_homini615_MN773344
MN773582,Betatorquevirus_homini615_MN773582
MN773713,Betatorquevirus_homini615_MN773713
MN774618,Betatorquevirus_homini615_MN774618
KT163876,Betatorquevirus_homini616_KT163876
MN768880,Betatorquevirus_homini616_MN768880
MN768951,Betatorquevirus_homini616_MN768951
MN771091,Betatorquevirus_homini616_MN771091
MN771670,Betatorquevirus_homini616_MN771670
MN772348,Betatorquevirus_homini616_MN772348
MN772619,Betatorquevirus_homini616_MN772619
MN772950,Betatorquevirus_homini616_MN772950
MN773675,Betatorquevirus_homini616_MN773675
MN773954,Betatorquevirus_homini616_MN773954
MN774007,Betatorquevirus_homini616_MN774007
MN768621,Betatorquevirus_homini617_MN768621
MN770678,Betatorquevirus_homini617_MN770678
MN771155,Betatorquevirus_homini617_MN771155
MN771372,Betatorquevirus_homini617_MN771372
MN771566,Betatorquevirus_homini617_MN771566
MN771872,Betatorquevirus_homini617_MN771872
MN772684,Betatorquevirus_homini617_MN772684
MN773079,Betatorquevirus_homini617_MN773079
MN773980,Betatorquevirus_homini617_MN773980
MN768581,Betatorquevirus_homini701_MN768581
MN768601,Betatorquevirus_homini701_MN768601
MN768984,Betatorquevirus_homini701_MN768984
MN768994,Betatorquevirus_homini701_MN768994
MN769162,Betatorquevirus_homini701_MN769162
MN769169,Betatorquevirus_homini701_MN769169
MN769507,Betatorquevirus_homini701_MN769507
MN769533,Betatorquevirus_homini701_MN769533
MN769557,Betatorquevirus_homini701_MN769557
MN769965,Betatorquevirus_homini701_MN769965
MN770030,Betatorquevirus_homini701_MN770030
MN770719,Betatorquevirus_homini701_MN770719
MN773448,Betatorquevirus_homini701_MN773448
PP816683,Betatorquevirus_homini701_PP816683
MN769128,Betatorquevirus_homini702_MN769128
MN772113,Betatorquevirus_homini703_MN772113
MN768819,Betatorquevirus_homini704_MN768819
MN770924,Betatorquevirus_homini704_MN770924
OK574360,Betatorquevirus_homini704_OK574360
MN770075,Betatorquevirus_homini705_MN770075
MN771194,Betatorquevirus_homini705_MN771194
MN771669,Betatorquevirus_homini705_MN771669
MN774166,Betatorquevirus_homini705_MN774166
MN773436,Betatorquevirus_homini706_MN773436
BK032512,Betatorquevirus_homini707_BK032512
MN769304,Betatorquevirus_homini707_MN769304
MN771601,Betatorquevirus_homini707_MN771601
MN771701,Betatorquevirus_homini707_MN771701
MN770601,Betatorquevirus_homini708_MN770601
MN771873,Betatorquevirus_homini708_MN771873
MN773188,Betatorquevirus_homini708_MN773188
MN768856,Betatorquevirus_homini709_MN768856
MN768931,Betatorquevirus_homini709_MN768931
MN772849,Betatorquevirus_homini709_MN772849
MN771336,Betatorquevirus_homini710_MN771336
MN772171,Betatorquevirus_homini710_MN772171
MN771429,Betatorquevirus_homini711_MN771429
MN771112,Betatorquevirus_homini712_MN771112
MN772237,Betatorquevirus_homini712_MN772237
PQ580927,Betatorquevirus_homini712_PQ580927
MN768731,Betatorquevirus_homini713_MN768731
MN770214,Betatorquevirus_homini714_MN770214
MN772867,Betatorquevirus_homini714_MN772867
MN773542,Betatorquevirus_homini714_MN773542
MN770815,Betatorquevirus_homini715_MN770815
MN771914,Betatorquevirus_homini715_MN771914
MN769862,Betatorquevirus_homini716_MN769862
MN771543,Betatorquevirus_homini716_MN771543
MN771954,Betatorquevirus_homini716_MN771954
MN768572,Betatorquevirus_homini717_MN768572
MN768729,Betatorquevirus_homini717_MN768729
MN768781,Betatorquevirus_homini717_MN768781
MN771352,Betatorquevirus_homini717_MN771352
MN771685,Betatorquevirus_homini717_MN771685
MN771874,Betatorquevirus_homini717_MN771874
MN771927,Betatorquevirus_homini717_MN771927
MN772917,Betatorquevirus_homini717_MN772917
MN769209,Betatorquevirus_homini718_MN769209
MN773981,Betatorquevirus_homini718_MN773981
KT163898,Betatorquevirus_homini719_KT163898
MN769447,Betatorquevirus_homini719_MN769447
MH649106,Betatorquevirus_homini720_MH649106
MN769246,Betatorquevirus_homini720_MN769246
MN769332,Betatorquevirus_homini720_MN769332
MN769577,Betatorquevirus_homini720_MN769577
MN769579,Betatorquevirus_homini720_MN769579
MN770386,Betatorquevirus_homini720_MN770386
MN770418,Betatorquevirus_homini720_MN770418
MN770597,Betatorquevirus_homini720_MN770597
MN770648,Betatorquevirus_homini720_MN770648
MN771215,Betatorquevirus_homini720_MN771215
MN772443,Betatorquevirus_homini720_MN772443
MN773497,Betatorquevirus_homini720_MN773497
MN773505,Betatorquevirus_homini720_MN773505
MZ824902,Betatorquevirus_homini720_MZ824902
MN768782,Betatorquevirus_homini721_MN768782
MN771682,Betatorquevirus_homini721_MN771682
MN773455,Betatorquevirus_homini721_MN773455
MN769806,Betatorquevirus_homini722_MN769806
MN770707,Betatorquevirus_homini722_MN770707
MN768575,Betatorquevirus_homini723_MN768575
MN768596,Betatorquevirus_homini723_MN768596
MN768652,Betatorquevirus_homini723_MN768652
MN768809,Betatorquevirus_homini723_MN768809
MN768850,Betatorquevirus_homini723_MN768850
MN768876,Betatorquevirus_homini723_MN768876
MN768912,Betatorquevirus_homini723_MN768912
MN769080,Betatorquevirus_homini723_MN769080
MN769237,Betatorquevirus_homini723_MN769237
MN769434,Betatorquevirus_homini723_MN769434
MN769564,Betatorquevirus_homini723_MN769564
MN769848,Betatorquevirus_homini723_MN769848
MN769872,Betatorquevirus_homini723_MN769872
MN769928,Betatorquevirus_homini723_MN769928
MN769973,Betatorquevirus_homini723_MN769973
MN769981,Betatorquevirus_homini723_MN769981
MN770097,Betatorquevirus_homini723_MN770097
MN770495,Betatorquevirus_homini723_MN770495
MN770658,Betatorquevirus_homini723_MN770658
MN771089,Betatorquevirus_homini723_MN771089
MN771176,Betatorquevirus_homini723_MN771176
MN771818,Betatorquevirus_homini723_MN771818
MN772081,Betatorquevirus_homini723_MN772081
MN772206,Betatorquevirus_homini723_MN772206
MN772361,Betatorquevirus_homini723_MN772361
MN772462,Betatorquevirus_homini723_MN772462
MN772706,Betatorquevirus_homini723_MN772706
MN773056,Betatorquevirus_homini723_MN773056
MN773123,Betatorquevirus_homini723_MN773123
MN773507,Betatorquevirus_homini723_MN773507
MN773794,Betatorquevirus_homini723_MN773794
MN774350,Betatorquevirus_homini723_MN774350
MN774575,Betatorquevirus_homini723_MN774575
MN774778,Betatorquevirus_homini723_MN774778
MN770239,Betatorquevirus_homini724_MN770239
MN770942,Betatorquevirus_homini724_MN770942
MN771387,Betatorquevirus_homini724_MN771387
KF545585,Betatorquevirus_homini725_KF545585
MN768745,Betatorquevirus_homini726_MN768745
MN768576,Betatorquevirus_homini727_MN768576
MN768632,Betatorquevirus_homini727_MN768632
MN768841,Betatorquevirus_homini727_MN768841
MN768872,Betatorquevirus_homini727_MN768872
MN768939,Betatorquevirus_homini727_MN768939
MN768965,Betatorquevirus_homini727_MN768965
MN769142,Betatorquevirus_homini727_MN769142
MN769290,Betatorquevirus_homini727_MN769290
MN769373,Betatorquevirus_homini727_MN769373
MN769510,Betatorquevirus_homini727_MN769510
MN769562,Betatorquevirus_homini727_MN769562
MN769612,Betatorquevirus_homini727_MN769612
MN770037,Betatorquevirus_homini727_MN770037
MN771161,Betatorquevirus_homini727_MN771161
MN771162,Betatorquevirus_homini727_MN771162
MN771205,Betatorquevirus_homini727_MN771205
MN771208,Betatorquevirus_homini727_MN771208
MN771257,Betatorquevirus_homini727_MN771257
MN771339,Betatorquevirus_homini727_MN771339
MN771350,Betatorquevirus_homini727_MN771350
MN771956,Betatorquevirus_homini727_MN771956
MN772701,Betatorquevirus_homini727_MN772701
MN773236,Betatorquevirus_homini727_MN773236
MZ286133,Betatorquevirus_homini727_MZ286133
MN768680,Betatorquevirus_homini728_MN768680
MN771919,Betatorquevirus_homini728_MN771919
MN772035,Betatorquevirus_homini728_MN772035
MN772418,Betatorquevirus_homini728_MN772418
MN770468,Betatorquevirus_homini729_MN770468
MN768570,Betatorquevirus_homini730_MN768570
MN768641,Betatorquevirus_homini730_MN768641
MN770384,Betatorquevirus_homini730_MN770384
MN771281,Betatorquevirus_homini730_MN771281
MN772407,Betatorquevirus_homini730_MN772407
MN772710,Betatorquevirus_homini730_MN772710
MN773934,Betatorquevirus_homini730_MN773934
MN774405,Betatorquevirus_homini730_MN774405
OK574386,Betatorquevirus_homini730_OK574386
MN771239,Betatorquevirus_homini731_MN771239
MN771530,Betatorquevirus_homini732_MN771530
MN772589,Betatorquevirus_homini732_MN772589
MN774652,Betatorquevirus_homini733_MN774652
MZ825128,Betatorquevirus_homini734_MZ825128
MN768738,Betatorquevirus_homini801_MN768738
MN768831,Betatorquevirus_homini801_MN768831
MN768574,Betatorquevirus_homini901_MN768574
MN768604,Betatorquevirus_homini901_MN768604
MN770297,Betatorquevirus_homini901_MN770297
MN768617,Betatorquevirus_homini902_MN768617
MN769120,Betatorquevirus_homini902_MN769120
MH017556,Betatorquevirus_homini903_MH017556
MN768654,Betatorquevirus_homini903_MN768654
MN768715,Betatorquevirus_homini903_MN768715
MN768746,Betatorquevirus_homini903_MN768746
MN768772,Betatorquevirus_homini903_MN768772
MN768790,Betatorquevirus_homini903_MN768790
MN768868,Betatorquevirus_homini903_MN768868
MN769118,Betatorquevirus_homini903_MN769118
MN769340,Betatorquevirus_homini903_MN769340
MN769407,Betatorquevirus_homini903_MN769407
MN769828,Betatorquevirus_homini903_MN769828
MN770333,Betatorquevirus_homini903_MN770333
MN770349,Betatorquevirus_homini903_MN770349
MN770382,Betatorquevirus_homini903_MN770382
MN770403,Betatorquevirus_homini903_MN770403
MN770623,Betatorquevirus_homini903_MN770623
MN770913,Betatorquevirus_homini903_MN770913
MN771960,Betatorquevirus_homini903_MN771960
MN773302,Betatorquevirus_homini903_MN773302
MN774860,Betatorquevirus_homini903_MN774860
OL694792,Betatorquevirus_homini903_OL694792
KF545583,Betatorquevirus_homini904_KF545583
MN769323,Betatorquevirus_homini905_MN769323
MN773806,Betatorquevirus_homini906_MN773806
MN773065,Betatorquevirus_homini907_MN773065
MN774182,Betatorquevirus_homini907_MN774182
MN769402,Betatorquevirus_homini908_MN769402
MN768713,Betatorquevirus_homini909_MN768713
MN768753,Betatorquevirus_homini909_MN768753
MN768866,Betatorquevirus_homini909_MN768866
MN770298,Betatorquevirus_homini909_MN770298
MN770853,Betatorquevirus_homini909_MN770853
BK032503,Betatorquevirus_homini910_BK032503
MN768718,Betatorquevirus_homini910_MN768718
MN768848,Betatorquevirus_homini910_MN768848
MN769028,Betatorquevirus_homini910_MN769028
MN769233,Betatorquevirus_homini910_MN769233
MN769264,Betatorquevirus_homini910_MN769264
MN770053,Betatorquevirus_homini910_MN770053
MN770814,Betatorquevirus_homini910_MN770814
MN774848,Betatorquevirus_homini910_MN774848
PV013349,Betatorquevirus_homini910_PV013349
MN769723,Betatorquevirus_homini911_MN769723
MN769888,Betatorquevirus_homini911_MN769888
MN770161,Betatorquevirus_homini911_MN770161
MN770359,Betatorquevirus_homini911_MN770359
MN770476,Betatorquevirus_homini911_MN770476
MN770697,Betatorquevirus_homini911_MN770697
MN773080,Betatorquevirus_homini911_MN773080
MN773386,Betatorquevirus_homini911_MN773386
MN774677,Betatorquevirus_homini911_MN774677
PV013285,Betatorquevirus_homini911_PV013285
MN768917,Betatorquevirus_homini912_MN768917
MN769418,Betatorquevirus_homini912_MN769418
MN769658,Betatorquevirus_homini912_MN769658
MN770293,Betatorquevirus_homini912_MN770293
MN770360,Betatorquevirus_homini912_MN770360
MN770753,Betatorquevirus_homini912_MN770753
MN770813,Betatorquevirus_homini912_MN770813
MN770855,Betatorquevirus_homini912_MN770855
MN772319,Betatorquevirus_homini912_MN772319
MN772580,Betatorquevirus_homini913_MN772580
MN770517,Betatorquevirus_homini914_MN770517
MZ825088,Betatorquevirus_homini914_MZ825088
MN768593,Betatorquevirus_homini915_MN768593
MN768954,Betatorquevirus_homini915_MN768954
MN769135,Betatorquevirus_homini915_MN769135
MN769166,Betatorquevirus_homini915_MN769166
MN772794,Betatorquevirus_homini915_MN772794
MN773516,Betatorquevirus_homini915_MN773516
MN770051,Betatorquevirus_homini916_MN770051
MN768668,Betatorquevirus_homini917_MN768668
MN768900,Betatorquevirus_homini917_MN768900
MN769055,Betatorquevirus_homini917_MN769055
MN769363,Betatorquevirus_homini917_MN769363
MN769384,Betatorquevirus_homini917_MN769384
MN770919,Betatorquevirus_homini917_MN770919
MN771371,Betatorquevirus_homini917_MN771371
MN769626,Betatorquevirus_homini918_MN769626
MN770525,Betatorquevirus_homini918_MN770525
MN769139,Betatorquevirus_homini919_MN769139
MN769087,Betatorquevirus_homini920_MN769087
MN769149,Betatorquevirus_homini920_MN769149
MN770711,Betatorquevirus_homini920_MN770711
MN770740,Betatorquevirus_homini920_MN770740
MN770795,Betatorquevirus_homini920_MN770795
MN773162,Betatorquevirus_homini920_MN773162
MN768639,Betatorquevirus_homini921_MN768639
MN769459,Betatorquevirus_homini921_MN769459
MN774122,Betatorquevirus_homini921_MN774122
MN774287,Betatorquevirus_homini922_MN774287
MN769032,Betatorquevirus_homini923_MN769032
MN769108,Betatorquevirus_homini923_MN769108
MN770809,Betatorquevirus_homini923_MN770809
MN770914,Betatorquevirus_homini923_MN770914
MN769382,Betatorquevirus_homini924_MN769382
MN770527,Betatorquevirus_homini924_MN770527
MN769515,Betatorquevirus_homini926_MN769515
MN769525,Betatorquevirus_homini927_MN769525
MN770020,Betatorquevirus_homini927_MN770020
MN772622,Betatorquevirus_homini927_MN772622
MN769335,Betatorquevirus_homini928_MN769335
MN769465,Betatorquevirus_homini928_MN769465
MN769506,Betatorquevirus_homini928_MN769506
MN769747,Betatorquevirus_homini928_MN769747
MN769805,Betatorquevirus_homini928_MN769805
MN770778,Betatorquevirus_homini928_MN770778
MN769241,Betatorquevirus_homini929_MN769241
MN773798,Betatorquevirus_homini929_MN773798
MN770610,Betatorquevirus_homini930_MN770610
MN770649,Betatorquevirus_homini930_MN770649
MN770559,Betatorquevirus_homini931_MN770559
MN770632,Betatorquevirus_homini931_MN770632
MN771009,Betatorquevirus_homini931_MN771009
MN769207,Betatorquevirus_homini932_MN769207
MN769359,Betatorquevirus_homini932_MN769359
MN770332,Betatorquevirus_homini932_MN770332
PV013350,Betatorquevirus_homini932_PV013350
BK047741,Betatorquevirus_homini933_BK047741
MN770087,Betatorquevirus_homini933_MN770087
MN770144,Betatorquevirus_homini933_MN770144
MN771515,Betatorquevirus_homini934_MN771515
BK032505,Betatorquevirus_homini935_BK032505
MN768834,Betatorquevirus_homini936_MN768834
MN769576,Betatorquevirus_homini936_MN769576
MN769801,Betatorquevirus_homini936_MN769801
MN769840,Betatorquevirus_homini936_MN769840
MN769858,Betatorquevirus_homini936_MN769858
MN769923,Betatorquevirus_homini936_MN769923
MN770028,Betatorquevirus_homini936_MN770028
MN770334,Betatorquevirus_homini936_MN770334
MN770865,Betatorquevirus_homini936_MN770865
MN772503,Betatorquevirus_homini936_MN772503
MN772880,Betatorquevirus_homini936_MN772880
OL694796,Betatorquevirus_homini936_OL694796
BK016272,Betatorquevirus_homini937_BK016272
MN773623,Betatorquevirus_homini937_MN773623
MN768629,Betatorquevirus_homini938_MN768629
MN768908,Betatorquevirus_homini938_MN768908
MN768775,Betatorquevirus_homini939_MN768775
MN770338,Betatorquevirus_homini939_MN770338
MN770788,Betatorquevirus_homini939_MN770788
MN773408,Betatorquevirus_homini939_MN773408
MN769143,Betatorquevirus_homini940_MN769143
MN770042,Betatorquevirus_homini941_MN770042
MN770638,Betatorquevirus_homini941_MN770638
MN773399,Betatorquevirus_homini942_MN773399
MN773462,Betatorquevirus_homini943_MN773462
MN769268,Betatorquevirus_homini944_MN769268
MN771043,Betatorquevirus_homini944_MN771043
MN770078,Betatorquevirus_homini945_MN770078
MN770419,Betatorquevirus_homini945_MN770419
MN771111,Betatorquevirus_homini945_MN771111
MN771558,Betatorquevirus_homini945_MN771558
MN772057,Betatorquevirus_homini945_MN772057
MN774406,Betatorquevirus_homini945_MN774406
MN772861,Betatorquevirus_homini946_MN772861
MN774780,Betatorquevirus_homini946_MN774780
BK069764,Betatorquevirus_homini403_BK069764
MN771826,Betatorquevirus_homini403_MN771826
BK069253,Betatorquevirus_homini404_BK069253
BK069748,Betatorquevirus_homini404_BK069748
BK069760,Betatorquevirus_homini404_BK069760
PQ581025,Betatorquevirus_homini404_PQ581025
BK069415,Betatorquevirus_homini406_BK069415
BK069766,Betatorquevirus_homini406_BK069766
BK069776,Betatorquevirus_homini406_BK069776
BK069777,Betatorquevirus_homini406_BK069777
MN772527,Betatorquevirus_homini406_MN772527
MZ286127,Betatorquevirus_homini411_MZ286127
MN773266,Betatorquevirus_homini412_MN773266
MN774741,Betatorquevirus_homini412_MN774741
BK069762,Betatorquevirus_homini413_BK069762
BK069774,Betatorquevirus_homini413_BK069774
MN771959,Betatorquevirus_homini413_MN771959
MN772529,Betatorquevirus_homini413_MN772529
MW455358,Betatorquevirus_homini414_MW455358
BK069775,Betatorquevirus_homini415_BK069775
MN768974,Betatorquevirus_homini42_MN768974
MN772518,Betatorquevirus_homini501_MN772518
MN769560,Betatorquevirus_homini5/22_MN769560
BK069571,Betatorquevirus_homini6_BK069571
MZ286262,Betatorquevirus_homini6_MZ286262
MN774571,Betatorquevirus_homini608_MN774571
MN772898,Betatorquevirus_homini614_MN772898
BK069274,Betatorquevirus_homini615_BK069274
MN771832,Betatorquevirus_homini615_MN771832
MZ825094,Betatorquevirus_homini616_MZ825094
BK069154,Betatorquevirus_homini7_BK069154
MW455419,Betatorquevirus_homini701_MW455419
MN772043,Betatorquevirus_homini704_MN772043
MN773373,Betatorquevirus_homini708_MN773373
MN774818,Betatorquevirus_homini708_MN774818
MN771591,Betatorquevirus_homini709_MN771591
MN769678,Betatorquevirus_homini720_MN769678
MN770322,Betatorquevirus_homini720_MN770322
MN772244,Betatorquevirus_homini801_MN772244
MN772760,Betatorquevirus_homini9_MN772760
MW455354,Betatorquevirus_homini9_MW455354
MZ286231,Betatorquevirus_homini9_MZ286231
MN773607,Betatorquevirus_homini907_MN773607
MZ286187,Betatorquevirus_homini908_MZ286187
MN770650,Betatorquevirus_homini911_MN770650
MN770856,Betatorquevirus_homini918_MN770856
MN769037,Betatorquevirus_homini919_MN769037
MN769351,Betatorquevirus_homini933_MN769351
OQ064560,Betatorquevirus_homini934_OQ064560
OM416781,Epsilontorquevirus_calli3_OM416781
OM416784,Epsilontorquevirus_calli3_OM416784
OM416785,Epsilontorquevirus_calli3_OM416785
OM416782,Epsilontorquevirus_calli2_OM416782
OM416786,Epsilontorquevirus_calli2_OM416786
OM416787,Epsilontorquevirus_calli2_OM416787
OM416790,Epsilontorquevirus_calli2_OM416790
OM416792,Epsilontorquevirus_calli2_OM416792
AB041960,Epsilontorquevirus_calli1_AB041960
MH760402,Epsilontorquevirus_cebid1_MH760402
PQ754059,Gammatorquevirus_homidi1_PQ754059
PQ754094,Gammatorquevirus_homidi11_PQ754094
PQ754038,Gammatorquevirus_homidi13_PQ754038
PQ754070,Gammatorquevirus_homidi13_PQ754070
PQ754007,Gammatorquevirus_homidi16_PQ754007
PQ754035,Gammatorquevirus_homidi16_PQ754035
PQ754100,Gammatorquevirus_homidi16_PQ754100
PQ754186,Gammatorquevirus_homidi16_PQ754186
PQ754031,Gammatorquevirus_homidi2_PQ754031
PQ754106,Gammatorquevirus_homidi25_PQ754106
PQ754116,Gammatorquevirus_homidi3_PQ754116
PQ754088,Gammatorquevirus_homidi30_PQ754088
OZ258689,Gammatorquevirus_homidi32_OZ258689
PQ754063,Gammatorquevirus_homidi40_PQ754063
PQ754104,Gammatorquevirus_homidi46_PQ754104
PQ754044,Gammatorquevirus_homidi47_PQ754044
PQ754019,Gammatorquevirus_homidi5_PQ754019
PQ754041,Gammatorquevirus_homidi5_PQ754041
PQ754089,Gammatorquevirus_homidi52_PQ754089
PQ754111,Gammatorquevirus_homidi54_PQ754111
PQ754092,Gammatorquevirus_homidi6_PQ754092
PQ754105,Gammatorquevirus_homidi6_PQ754105
PQ754138,Gammatorquevirus_homidi62_PQ754138
OZ258698,Gammatorquevirus_homidi7_OZ258698
PQ754008,Gammatorquevirus_homidi7_PQ754008
PQ754074,Gammatorquevirus_homidi7_PQ754074
PQ754079,Gammatorquevirus_homidi7_PQ754079
PQ754087,Gammatorquevirus_homidi7_PQ754087
PQ754107,Gammatorquevirus_homidi7_PQ754107
PQ754157,Gammatorquevirus_homidi7_PQ754157
PQ754045,Gammatorquevirus_homidi8_PQ754045
PQ754080,Gammatorquevirus_homidi8_PQ754080
PQ754082,Gammatorquevirus_homidi8_PQ754082
PQ754098,Gammatorquevirus_homidi8_PQ754098
PQ754101,Gammatorquevirus_homidi8_PQ754101
AB290917,Gammatorquevirus_homidi1_AB290917
AB290918,Gammatorquevirus_homidi1_AB290918
AB303555,Gammatorquevirus_homidi1_AB303555
MN774973,Gammatorquevirus_homidi1_MN774973
MN776224,Gammatorquevirus_homidi1_MN776224
MN776920,Gammatorquevirus_homidi1_MN776920
MN776921,Gammatorquevirus_homidi1_MN776921
MN776922,Gammatorquevirus_homidi1_MN776922
MN776923,Gammatorquevirus_homidi1_MN776923
MN776924,Gammatorquevirus_homidi1_MN776924
MN776926,Gammatorquevirus_homidi1_MN776926
MN776927,Gammatorquevirus_homidi1_MN776927
MN776928,Gammatorquevirus_homidi1_MN776928
MN776929,Gammatorquevirus_homidi1_MN776929
MN776930,Gammatorquevirus_homidi1_MN776930
MN776932,Gammatorquevirus_homidi1_MN776932
MN776934,Gammatorquevirus_homidi1_MN776934
MN776935,Gammatorquevirus_homidi1_MN776935
MN776936,Gammatorquevirus_homidi1_MN776936
MN776937,Gammatorquevirus_homidi1_MN776937
MN776938,Gammatorquevirus_homidi1_MN776938
MN776939,Gammatorquevirus_homidi1_MN776939
MN776940,Gammatorquevirus_homidi1_MN776940
MN776944,Gammatorquevirus_homidi1_MN776944
MN776947,Gammatorquevirus_homidi1_MN776947
MN776948,Gammatorquevirus_homidi1_MN776948
MN776953,Gammatorquevirus_homidi1_MN776953
MN776968,Gammatorquevirus_homidi1_MN776968
MN776970,Gammatorquevirus_homidi1_MN776970
MN776971,Gammatorquevirus_homidi1_MN776971
MN776972,Gammatorquevirus_homidi1_MN776972
MN776978,Gammatorquevirus_homidi1_MN776978
MN776981,Gammatorquevirus_homidi1_MN776981
MN776987,Gammatorquevirus_homidi1_MN776987
MN777003,Gammatorquevirus_homidi1_MN777003
MN777008,Gammatorquevirus_homidi1_MN777008
MN777009,Gammatorquevirus_homidi1_MN777009
MN777012,Gammatorquevirus_homidi1_MN777012
MN777017,Gammatorquevirus_homidi1_MN777017
MN777020,Gammatorquevirus_homidi1_MN777020
MN777021,Gammatorquevirus_homidi1_MN777021
MN777025,Gammatorquevirus_homidi1_MN777025
MN777027,Gammatorquevirus_homidi1_MN777027
MN777031,Gammatorquevirus_homidi1_MN777031
MN777034,Gammatorquevirus_homidi1_MN777034
MN777042,Gammatorquevirus_homidi1_MN777042
MN777046,Gammatorquevirus_homidi1_MN777046
MN777062,Gammatorquevirus_homidi1_MN777062
MN777064,Gammatorquevirus_homidi1_MN777064
MN777066,Gammatorquevirus_homidi1_MN777066
MN777075,Gammatorquevirus_homidi1_MN777075
MN777107,Gammatorquevirus_homidi1_MN777107
MN777114,Gammatorquevirus_homidi1_MN777114
MN777115,Gammatorquevirus_homidi1_MN777115
MN777116,Gammatorquevirus_homidi1_MN777116
MN777118,Gammatorquevirus_homidi1_MN777118
MN777120,Gammatorquevirus_homidi1_MN777120
MN777130,Gammatorquevirus_homidi1_MN777130
MN777145,Gammatorquevirus_homidi1_MN777145
MN778619,Gammatorquevirus_homidi1_MN778619
MZ286173,Gammatorquevirus_homidi1_MZ286173
MZ824827,Gammatorquevirus_homidi1_MZ824827
OP721136,Gammatorquevirus_homidi1_OP721136
AB303560,Gammatorquevirus_homidi10_AB303560
AB303565,Gammatorquevirus_homidi10_AB303565
KP343827,Gammatorquevirus_homidi10_KP343827
MN774965,Gammatorquevirus_homidi10_MN774965
MN775194,Gammatorquevirus_homidi10_MN775194
MN775195,Gammatorquevirus_homidi10_MN775195
MN775196,Gammatorquevirus_homidi10_MN775196
MN775198,Gammatorquevirus_homidi10_MN775198
MN775199,Gammatorquevirus_homidi10_MN775199
MN775204,Gammatorquevirus_homidi10_MN775204
MN775205,Gammatorquevirus_homidi10_MN775205
MN775211,Gammatorquevirus_homidi10_MN775211
MN775212,Gammatorquevirus_homidi10_MN775212
MN775214,Gammatorquevirus_homidi10_MN775214
MN775230,Gammatorquevirus_homidi10_MN775230
MN775231,Gammatorquevirus_homidi10_MN775231
MN775236,Gammatorquevirus_homidi10_MN775236
MN775243,Gammatorquevirus_homidi10_MN775243
MN775259,Gammatorquevirus_homidi10_MN775259
MN775265,Gammatorquevirus_homidi10_MN775265
MN775280,Gammatorquevirus_homidi10_MN775280
MN780078,Gammatorquevirus_homidi10_MN780078
MZ824773,Gammatorquevirus_homidi10_MZ824773
MN774943,Gammatorquevirus_homidi4_MN774943
MN774972,Gammatorquevirus_homidi4_MN774972
MN775733,Gammatorquevirus_homidi4_MN775733
MN775999,Gammatorquevirus_homidi4_MN775999
MN776147,Gammatorquevirus_homidi4_MN776147
MN776148,Gammatorquevirus_homidi4_MN776148
MN776149,Gammatorquevirus_homidi4_MN776149
MN776150,Gammatorquevirus_homidi4_MN776150
MN776151,Gammatorquevirus_homidi4_MN776151
MN776152,Gammatorquevirus_homidi4_MN776152
MN776153,Gammatorquevirus_homidi4_MN776153
MN776154,Gammatorquevirus_homidi4_MN776154
MN776156,Gammatorquevirus_homidi4_MN776156
MN776160,Gammatorquevirus_homidi4_MN776160
MN776161,Gammatorquevirus_homidi4_MN776161
MN776162,Gammatorquevirus_homidi4_MN776162
MN776163,Gammatorquevirus_homidi4_MN776163
MN776164,Gammatorquevirus_homidi4_MN776164
MN776167,Gammatorquevirus_homidi4_MN776167
MN776168,Gammatorquevirus_homidi4_MN776168
MN776169,Gammatorquevirus_homidi4_MN776169
MN776170,Gammatorquevirus_homidi4_MN776170
MN776172,Gammatorquevirus_homidi4_MN776172
MN776177,Gammatorquevirus_homidi4_MN776177
MN776189,Gammatorquevirus_homidi4_MN776189
MN776213,Gammatorquevirus_homidi4_MN776213
MN776226,Gammatorquevirus_homidi4_MN776226
MN776231,Gammatorquevirus_homidi4_MN776231
MN778467,Gammatorquevirus_homidi4_MN778467
MN778469,Gammatorquevirus_homidi4_MN778469
MN778470,Gammatorquevirus_homidi4_MN778470
MN778471,Gammatorquevirus_homidi4_MN778471
MN778474,Gammatorquevirus_homidi4_MN778474
MN778476,Gammatorquevirus_homidi4_MN778476
MN778479,Gammatorquevirus_homidi4_MN778479
MN778481,Gammatorquevirus_homidi4_MN778481
MN778497,Gammatorquevirus_homidi4_MN778497
MN778503,Gammatorquevirus_homidi4_MN778503
MN778507,Gammatorquevirus_homidi4_MN778507
MN778508,Gammatorquevirus_homidi4_MN778508
MN778509,Gammatorquevirus_homidi4_MN778509
MN778512,Gammatorquevirus_homidi4_MN778512
MN778527,Gammatorquevirus_homidi4_MN778527
MN778544,Gammatorquevirus_homidi4_MN778544
MN778552,Gammatorquevirus_homidi4_MN778552
MN778558,Gammatorquevirus_homidi4_MN778558
MN778568,Gammatorquevirus_homidi4_MN778568
MN778575,Gammatorquevirus_homidi4_MN778575
MN778600,Gammatorquevirus_homidi4_MN778600
MN779476,Gammatorquevirus_homidi4_MN779476
MN780112,Gammatorquevirus_homidi4_MN780112
MZ824785,Gammatorquevirus_homidi4_MZ824785
MZ824844,Gammatorquevirus_homidi4_MZ824844
OK574361,Gammatorquevirus_homidi4_OK574361
OK574417,Gammatorquevirus_homidi4_OK574417
PQ580973,Gammatorquevirus_homidi4_PQ580973
AB303552,Gammatorquevirus_homidi5_AB303552
AB303556,Gammatorquevirus_homidi5_AB303556
AB303557,Gammatorquevirus_homidi5_AB303557
MN775005,Gammatorquevirus_homidi5_MN775005
MN775006,Gammatorquevirus_homidi5_MN775006
MN775458,Gammatorquevirus_homidi5_MN775458
MN775459,Gammatorquevirus_homidi5_MN775459
MN775461,Gammatorquevirus_homidi5_MN775461
MN775462,Gammatorquevirus_homidi5_MN775462
MN775464,Gammatorquevirus_homidi5_MN775464
MN775466,Gammatorquevirus_homidi5_MN775466
MN775468,Gammatorquevirus_homidi5_MN775468
MN775471,Gammatorquevirus_homidi5_MN775471
MN775480,Gammatorquevirus_homidi5_MN775480
MN775482,Gammatorquevirus_homidi5_MN775482
MN775486,Gammatorquevirus_homidi5_MN775486
MN775487,Gammatorquevirus_homidi5_MN775487
MN775495,Gammatorquevirus_homidi5_MN775495
MN775825,Gammatorquevirus_homidi5_MN775825
MN775828,Gammatorquevirus_homidi5_MN775828
MN775832,Gammatorquevirus_homidi5_MN775832
MN775836,Gammatorquevirus_homidi5_MN775836
MN775844,Gammatorquevirus_homidi5_MN775844
MN775847,Gammatorquevirus_homidi5_MN775847
MN775850,Gammatorquevirus_homidi5_MN775850
MN775861,Gammatorquevirus_homidi5_MN775861
MN775870,Gammatorquevirus_homidi5_MN775870
MN775879,Gammatorquevirus_homidi5_MN775879
MN776586,Gammatorquevirus_homidi5_MN776586
MN776587,Gammatorquevirus_homidi5_MN776587
MN776588,Gammatorquevirus_homidi5_MN776588
MN776590,Gammatorquevirus_homidi5_MN776590
MN776591,Gammatorquevirus_homidi5_MN776591
MN776592,Gammatorquevirus_homidi5_MN776592
MN776594,Gammatorquevirus_homidi5_MN776594
MN776596,Gammatorquevirus_homidi5_MN776596
MN776597,Gammatorquevirus_homidi5_MN776597
MN776598,Gammatorquevirus_homidi5_MN776598
MN776600,Gammatorquevirus_homidi5_MN776600
MN776603,Gammatorquevirus_homidi5_MN776603
MN776604,Gammatorquevirus_homidi5_MN776604
MN776605,Gammatorquevirus_homidi5_MN776605
MN776606,Gammatorquevirus_homidi5_MN776606
MN776608,Gammatorquevirus_homidi5_MN776608
MN776612,Gammatorquevirus_homidi5_MN776612
MN776613,Gammatorquevirus_homidi5_MN776613
MN776614,Gammatorquevirus_homidi5_MN776614
MN776620,Gammatorquevirus_homidi5_MN776620
MN776621,Gammatorquevirus_homidi5_MN776621
MN776623,Gammatorquevirus_homidi5_MN776623
MN776627,Gammatorquevirus_homidi5_MN776627
MN776628,Gammatorquevirus_homidi5_MN776628
MN776629,Gammatorquevirus_homidi5_MN776629
MN776646,Gammatorquevirus_homidi5_MN776646
MN776648,Gammatorquevirus_homidi5_MN776648
MN776650,Gammatorquevirus_homidi5_MN776650
MN776658,Gammatorquevirus_homidi5_MN776658
MN776667,Gammatorquevirus_homidi5_MN776667
MN776668,Gammatorquevirus_homidi5_MN776668
MN776675,Gammatorquevirus_homidi5_MN776675
MN776676,Gammatorquevirus_homidi5_MN776676
MN776681,Gammatorquevirus_homidi5_MN776681
MN776688,Gammatorquevirus_homidi5_MN776688
MN776696,Gammatorquevirus_homidi5_MN776696
MN776706,Gammatorquevirus_homidi5_MN776706
MN776717,Gammatorquevirus_homidi5_MN776717
MN776720,Gammatorquevirus_homidi5_MN776720
MN778153,Gammatorquevirus_homidi5_MN778153
MN778155,Gammatorquevirus_homidi5_MN778155
MN778167,Gammatorquevirus_homidi5_MN778167
MN778272,Gammatorquevirus_homidi5_MN778272
MN778330,Gammatorquevirus_homidi5_MN778330
MN778933,Gammatorquevirus_homidi5_MN778933
MN780381,Gammatorquevirus_homidi5_MN780381
MZ286026,Gammatorquevirus_homidi5_MZ286026
MZ286087,Gammatorquevirus_homidi5_MZ286087
MZ286112,Gammatorquevirus_homidi5_MZ286112
MZ286197,Gammatorquevirus_homidi5_MZ286197
MZ824908,Gammatorquevirus_homidi5_MZ824908
OK574398,Gammatorquevirus_homidi5_OK574398
OP721135,Gammatorquevirus_homidi5_OP721135
PV013206,Gammatorquevirus_homidi5_PV013206
AB303553,Gammatorquevirus_homidi6_AB303553
AB303563,Gammatorquevirus_homidi6_AB303563
MN774961,Gammatorquevirus_homidi6_MN774961
MN776959,Gammatorquevirus_homidi6_MN776959
MN776960,Gammatorquevirus_homidi6_MN776960
MN776964,Gammatorquevirus_homidi6_MN776964
MN776997,Gammatorquevirus_homidi6_MN776997
MN776999,Gammatorquevirus_homidi6_MN776999
MN777481,Gammatorquevirus_homidi6_MN777481
MN777482,Gammatorquevirus_homidi6_MN777482
MN777483,Gammatorquevirus_homidi6_MN777483
MN777484,Gammatorquevirus_homidi6_MN777484
MN777485,Gammatorquevirus_homidi6_MN777485
MN777488,Gammatorquevirus_homidi6_MN777488
MN777489,Gammatorquevirus_homidi6_MN777489
MN777491,Gammatorquevirus_homidi6_MN777491
MN777493,Gammatorquevirus_homidi6_MN777493
MN777494,Gammatorquevirus_homidi6_MN777494
MN777495,Gammatorquevirus_homidi6_MN777495
MN777496,Gammatorquevirus_homidi6_MN777496
MN777497,Gammatorquevirus_homidi6_MN777497
MN777500,Gammatorquevirus_homidi6_MN777500
MN777501,Gammatorquevirus_homidi6_MN777501
MN777503,Gammatorquevirus_homidi6_MN777503
MN777509,Gammatorquevirus_homidi6_MN777509
MN777511,Gammatorquevirus_homidi6_MN777511
MN777515,Gammatorquevirus_homidi6_MN777515
MN777518,Gammatorquevirus_homidi6_MN777518
MN777519,Gammatorquevirus_homidi6_MN777519
MN777525,Gammatorquevirus_homidi6_MN777525
MN777526,Gammatorquevirus_homidi6_MN777526
MN777534,Gammatorquevirus_homidi6_MN777534
MN777536,Gammatorquevirus_homidi6_MN777536
MN777538,Gammatorquevirus_homidi6_MN777538
MN777540,Gammatorquevirus_homidi6_MN777540
MN777541,Gammatorquevirus_homidi6_MN777541
MN777542,Gammatorquevirus_homidi6_MN777542
MN777543,Gammatorquevirus_homidi6_MN777543
MN777546,Gammatorquevirus_homidi6_MN777546
MN777547,Gammatorquevirus_homidi6_MN777547
MN777549,Gammatorquevirus_homidi6_MN777549
MN777558,Gammatorquevirus_homidi6_MN777558
MN777561,Gammatorquevirus_homidi6_MN777561
MN777565,Gammatorquevirus_homidi6_MN777565
MN777568,Gammatorquevirus_homidi6_MN777568
MN777570,Gammatorquevirus_homidi6_MN777570
MN777574,Gammatorquevirus_homidi6_MN777574
MN777577,Gammatorquevirus_homidi6_MN777577
MN777581,Gammatorquevirus_homidi6_MN777581
MN777584,Gammatorquevirus_homidi6_MN777584
MN777591,Gammatorquevirus_homidi6_MN777591
MN777601,Gammatorquevirus_homidi6_MN777601
MN777607,Gammatorquevirus_homidi6_MN777607
MN777619,Gammatorquevirus_homidi6_MN777619
MN777626,Gammatorquevirus_homidi6_MN777626
MN777630,Gammatorquevirus_homidi6_MN777630
MN777635,Gammatorquevirus_homidi6_MN777635
MN777639,Gammatorquevirus_homidi6_MN777639
MN777647,Gammatorquevirus_homidi6_MN777647
MN777655,Gammatorquevirus_homidi6_MN777655
MN777662,Gammatorquevirus_homidi6_MN777662
MN777673,Gammatorquevirus_homidi6_MN777673
MN777686,Gammatorquevirus_homidi6_MN777686
MN777692,Gammatorquevirus_homidi6_MN777692
MN778341,Gammatorquevirus_homidi6_MN778341
MN778342,Gammatorquevirus_homidi6_MN778342
MN778343,Gammatorquevirus_homidi6_MN778343
MN778344,Gammatorquevirus_homidi6_MN778344
MN779034,Gammatorquevirus_homidi6_MN779034
MN779035,Gammatorquevirus_homidi6_MN779035
MN779037,Gammatorquevirus_homidi6_MN779037
MN779038,Gammatorquevirus_homidi6_MN779038
MN779039,Gammatorquevirus_homidi6_MN779039
MN780412,Gammatorquevirus_homidi6_MN780412
MW455373,Gammatorquevirus_homidi6_MW455373
MZ286089,Gammatorquevirus_homidi6_MZ286089
MZ286202,Gammatorquevirus_homidi6_MZ286202
MZ824840,Gammatorquevirus_homidi6_MZ824840
OM030364,Gammatorquevirus_homidi6_OM030364
AB303558,Gammatorquevirus_homidi8_AB303558
KP343825,Gammatorquevirus_homidi8_KP343825
KP343826,Gammatorquevirus_homidi8_KP343826
MN165094,Gammatorquevirus_homidi8_MN165094
MN165095,Gammatorquevirus_homidi8_MN165095
MN165099,Gammatorquevirus_homidi8_MN165099
MN774949,Gammatorquevirus_homidi8_MN774949
MN774950,Gammatorquevirus_homidi8_MN774950
MN774958,Gammatorquevirus_homidi8_MN774958
MN774980,Gammatorquevirus_homidi8_MN774980
MN775008,Gammatorquevirus_homidi8_MN775008
MN775737,Gammatorquevirus_homidi8_MN775737
MN775738,Gammatorquevirus_homidi8_MN775738
MN775740,Gammatorquevirus_homidi8_MN775740
MN775745,Gammatorquevirus_homidi8_MN775745
MN775749,Gammatorquevirus_homidi8_MN775749
MN775752,Gammatorquevirus_homidi8_MN775752
MN775755,Gammatorquevirus_homidi8_MN775755
MN775757,Gammatorquevirus_homidi8_MN775757
MN775759,Gammatorquevirus_homidi8_MN775759
MN775764,Gammatorquevirus_homidi8_MN775764
MN775767,Gammatorquevirus_homidi8_MN775767
MN775951,Gammatorquevirus_homidi8_MN775951
MN776052,Gammatorquevirus_homidi8_MN776052
MN776053,Gammatorquevirus_homidi8_MN776053
MN776055,Gammatorquevirus_homidi8_MN776055
MN776056,Gammatorquevirus_homidi8_MN776056
MN776057,Gammatorquevirus_homidi8_MN776057
MN776058,Gammatorquevirus_homidi8_MN776058
MN776060,Gammatorquevirus_homidi8_MN776060
MN776062,Gammatorquevirus_homidi8_MN776062
MN776064,Gammatorquevirus_homidi8_MN776064
MN776065,Gammatorquevirus_homidi8_MN776065
MN776068,Gammatorquevirus_homidi8_MN776068
MN776072,Gammatorquevirus_homidi8_MN776072
MN776076,Gammatorquevirus_homidi8_MN776076
MN776080,Gammatorquevirus_homidi8_MN776080
MN776094,Gammatorquevirus_homidi8_MN776094
MN776494,Gammatorquevirus_homidi8_MN776494
MN776495,Gammatorquevirus_homidi8_MN776495
MN776496,Gammatorquevirus_homidi8_MN776496
MN776497,Gammatorquevirus_homidi8_MN776497
MN776498,Gammatorquevirus_homidi8_MN776498
MN776499,Gammatorquevirus_homidi8_MN776499
MN776500,Gammatorquevirus_homidi8_MN776500
MN776501,Gammatorquevirus_homidi8_MN776501
MN776504,Gammatorquevirus_homidi8_MN776504
MN776505,Gammatorquevirus_homidi8_MN776505
MN776508,Gammatorquevirus_homidi8_MN776508
MN776511,Gammatorquevirus_homidi8_MN776511
MN776514,Gammatorquevirus_homidi8_MN776514
MN776516,Gammatorquevirus_homidi8_MN776516
MN776518,Gammatorquevirus_homidi8_MN776518
MN776521,Gammatorquevirus_homidi8_MN776521
MN776522,Gammatorquevirus_homidi8_MN776522
MN776523,Gammatorquevirus_homidi8_MN776523
MN776531,Gammatorquevirus_homidi8_MN776531
MN776532,Gammatorquevirus_homidi8_MN776532
MN776535,Gammatorquevirus_homidi8_MN776535
MN776536,Gammatorquevirus_homidi8_MN776536
MN776539,Gammatorquevirus_homidi8_MN776539
MN776549,Gammatorquevirus_homidi8_MN776549
MN776553,Gammatorquevirus_homidi8_MN776553
MN776556,Gammatorquevirus_homidi8_MN776556
MN776558,Gammatorquevirus_homidi8_MN776558
MN776569,Gammatorquevirus_homidi8_MN776569
MN776576,Gammatorquevirus_homidi8_MN776576
MN776632,Gammatorquevirus_homidi8_MN776632
MN776958,Gammatorquevirus_homidi8_MN776958
MN776994,Gammatorquevirus_homidi8_MN776994
MN776995,Gammatorquevirus_homidi8_MN776995
MN776996,Gammatorquevirus_homidi8_MN776996
MN777233,Gammatorquevirus_homidi8_MN777233
MN777234,Gammatorquevirus_homidi8_MN777234
MN777235,Gammatorquevirus_homidi8_MN777235
MN777236,Gammatorquevirus_homidi8_MN777236
MN777243,Gammatorquevirus_homidi8_MN777243
MN777245,Gammatorquevirus_homidi8_MN777245
MN777252,Gammatorquevirus_homidi8_MN777252
MN777254,Gammatorquevirus_homidi8_MN777254
MN777258,Gammatorquevirus_homidi8_MN777258
MN777279,Gammatorquevirus_homidi8_MN777279
MN777339,Gammatorquevirus_homidi8_MN777339
MN777340,Gammatorquevirus_homidi8_MN777340
MN777342,Gammatorquevirus_homidi8_MN777342
MN777343,Gammatorquevirus_homidi8_MN777343
MN777345,Gammatorquevirus_homidi8_MN777345
MN777347,Gammatorquevirus_homidi8_MN777347
MN777348,Gammatorquevirus_homidi8_MN777348
MN777349,Gammatorquevirus_homidi8_MN777349
MN777354,Gammatorquevirus_homidi8_MN777354
MN777355,Gammatorquevirus_homidi8_MN777355
MN777362,Gammatorquevirus_homidi8_MN777362
MN777371,Gammatorquevirus_homidi8_MN777371
MN777375,Gammatorquevirus_homidi8_MN777375
MN777379,Gammatorquevirus_homidi8_MN777379
MN777380,Gammatorquevirus_homidi8_MN777380
MN777381,Gammatorquevirus_homidi8_MN777381
MN777382,Gammatorquevirus_homidi8_MN777382
MN777383,Gammatorquevirus_homidi8_MN777383
MN777402,Gammatorquevirus_homidi8_MN777402
MN777405,Gammatorquevirus_homidi8_MN777405
MN777408,Gammatorquevirus_homidi8_MN777408
MN777416,Gammatorquevirus_homidi8_MN777416
MN777434,Gammatorquevirus_homidi8_MN777434
MN777467,Gammatorquevirus_homidi8_MN777467
MN777957,Gammatorquevirus_homidi8_MN777957
MN778320,Gammatorquevirus_homidi8_MN778320
MN779091,Gammatorquevirus_homidi8_MN779091
MN779093,Gammatorquevirus_homidi8_MN779093
MN779096,Gammatorquevirus_homidi8_MN779096
MN779097,Gammatorquevirus_homidi8_MN779097
MN779098,Gammatorquevirus_homidi8_MN779098
MN779099,Gammatorquevirus_homidi8_MN779099
MN779102,Gammatorquevirus_homidi8_MN779102
MN779103,Gammatorquevirus_homidi8_MN779103
MN779106,Gammatorquevirus_homidi8_MN779106
MN779109,Gammatorquevirus_homidi8_MN779109
MN779110,Gammatorquevirus_homidi8_MN779110
MN779112,Gammatorquevirus_homidi8_MN779112
MN779113,Gammatorquevirus_homidi8_MN779113
MN779114,Gammatorquevirus_homidi8_MN779114
MN779119,Gammatorquevirus_homidi8_MN779119
MN779124,Gammatorquevirus_homidi8_MN779124
MN779137,Gammatorquevirus_homidi8_MN779137
MN779145,Gammatorquevirus_homidi8_MN779145
MN779146,Gammatorquevirus_homidi8_MN779146
MN779147,Gammatorquevirus_homidi8_MN779147
MN779166,Gammatorquevirus_homidi8_MN779166
MN779185,Gammatorquevirus_homidi8_MN779185
MN779196,Gammatorquevirus_homidi8_MN779196
MN779201,Gammatorquevirus_homidi8_MN779201
MN779207,Gammatorquevirus_homidi8_MN779207
MN779218,Gammatorquevirus_homidi8_MN779218
MN779336,Gammatorquevirus_homidi8_MN779336
MN779337,Gammatorquevirus_homidi8_MN779337
MN779341,Gammatorquevirus_homidi8_MN779341
MN779347,Gammatorquevirus_homidi8_MN779347
MN779391,Gammatorquevirus_homidi8_MN779391
MN779403,Gammatorquevirus_homidi8_MN779403
MN779796,Gammatorquevirus_homidi8_MN779796
MN779798,Gammatorquevirus_homidi8_MN779798
MN779800,Gammatorquevirus_homidi8_MN779800
MN779802,Gammatorquevirus_homidi8_MN779802
MN779804,Gammatorquevirus_homidi8_MN779804
MN779806,Gammatorquevirus_homidi8_MN779806
MN779815,Gammatorquevirus_homidi8_MN779815
MN779824,Gammatorquevirus_homidi8_MN779824
MN779829,Gammatorquevirus_homidi8_MN779829
MN779846,Gammatorquevirus_homidi8_MN779846
MN779854,Gammatorquevirus_homidi8_MN779854
MN779876,Gammatorquevirus_homidi8_MN779876
MN779903,Gammatorquevirus_homidi8_MN779903
MN779912,Gammatorquevirus_homidi8_MN779912
MN779913,Gammatorquevirus_homidi8_MN779913
MN779917,Gammatorquevirus_homidi8_MN779917
MN779919,Gammatorquevirus_homidi8_MN779919
MN779921,Gammatorquevirus_homidi8_MN779921
MN779925,Gammatorquevirus_homidi8_MN779925
MN779933,Gammatorquevirus_homidi8_MN779933
MN779936,Gammatorquevirus_homidi8_MN779936
MN779945,Gammatorquevirus_homidi8_MN779945
MN779952,Gammatorquevirus_homidi8_MN779952
MN779953,Gammatorquevirus_homidi8_MN779953
MN780071,Gammatorquevirus_homidi8_MN780071
MW455366,Gammatorquevirus_homidi8_MW455366
MW455413,Gammatorquevirus_homidi8_MW455413
MZ286055,Gammatorquevirus_homidi8_MZ286055
MZ824806,Gammatorquevirus_homidi8_MZ824806
MZ824980,Gammatorquevirus_homidi8_MZ824980
MZ969129,Gammatorquevirus_homidi8_MZ969129
OK574400,Gammatorquevirus_homidi8_OK574400
OP721133,Gammatorquevirus_homidi8_OP721133
PP857086,Gammatorquevirus_homidi8_PP857086
PQ580972,Gammatorquevirus_homidi8_PQ580972
PV013143,Gammatorquevirus_homidi8_PV013143
PV013207,Gammatorquevirus_homidi8_PV013207
PV013208,Gammatorquevirus_homidi8_PV013208
PV013209,Gammatorquevirus_homidi8_PV013209
PV013294,Gammatorquevirus_homidi8_PV013294
PV013353,Gammatorquevirus_homidi8_PV013353
AB303562,Gammatorquevirus_homidi12_AB303562
MN775910,Gammatorquevirus_homidi12_MN775910
MN775911,Gammatorquevirus_homidi12_MN775911
MN775912,Gammatorquevirus_homidi12_MN775912
MN775913,Gammatorquevirus_homidi12_MN775913
MN775917,Gammatorquevirus_homidi12_MN775917
MN775942,Gammatorquevirus_homidi12_MN775942
MN775949,Gammatorquevirus_homidi12_MN775949
MN779266,Gammatorquevirus_homidi12_MN779266
MN779268,Gammatorquevirus_homidi12_MN779268
MN779269,Gammatorquevirus_homidi12_MN779269
MN780297,Gammatorquevirus_homidi12_MN780297
MZ286191,Gammatorquevirus_homidi12_MZ286191
AB303564,Gammatorquevirus_homidi13_AB303564
MN165103,Gammatorquevirus_homidi13_MN165103
MN774957,Gammatorquevirus_homidi13_MN774957
MN777175,Gammatorquevirus_homidi13_MN777175
MN777916,Gammatorquevirus_homidi13_MN777916
MN777918,Gammatorquevirus_homidi13_MN777918
MN777922,Gammatorquevirus_homidi13_MN777922
MN778399,Gammatorquevirus_homidi13_MN778399
MN778623,Gammatorquevirus_homidi13_MN778623
MN778624,Gammatorquevirus_homidi13_MN778624
MN778627,Gammatorquevirus_homidi13_MN778627
MN778628,Gammatorquevirus_homidi13_MN778628
MN778630,Gammatorquevirus_homidi13_MN778630
MN778636,Gammatorquevirus_homidi13_MN778636
MN778641,Gammatorquevirus_homidi13_MN778641
MN778645,Gammatorquevirus_homidi13_MN778645
MN778646,Gammatorquevirus_homidi13_MN778646
MN778653,Gammatorquevirus_homidi13_MN778653
MN778659,Gammatorquevirus_homidi13_MN778659
MN778665,Gammatorquevirus_homidi13_MN778665
MN778668,Gammatorquevirus_homidi13_MN778668
MN778671,Gammatorquevirus_homidi13_MN778671
MN778677,Gammatorquevirus_homidi13_MN778677
MN778682,Gammatorquevirus_homidi13_MN778682
MN778683,Gammatorquevirus_homidi13_MN778683
MN778690,Gammatorquevirus_homidi13_MN778690
MN778699,Gammatorquevirus_homidi13_MN778699
MN778704,Gammatorquevirus_homidi13_MN778704
MN778713,Gammatorquevirus_homidi13_MN778713
MN778725,Gammatorquevirus_homidi13_MN778725
MN778743,Gammatorquevirus_homidi13_MN778743
MN778747,Gammatorquevirus_homidi13_MN778747
MN778795,Gammatorquevirus_homidi13_MN778795
MN778805,Gammatorquevirus_homidi13_MN778805
MN778950,Gammatorquevirus_homidi13_MN778950
MN778951,Gammatorquevirus_homidi13_MN778951
PQ581012,Gammatorquevirus_homidi13_PQ581012
PV013210,Gammatorquevirus_homidi13_PV013210
AB290919,Gammatorquevirus_homidi2_AB290919
MN774936,Gammatorquevirus_homidi2_MN774936
MN774941,Gammatorquevirus_homidi2_MN774941
MN774962,Gammatorquevirus_homidi2_MN774962
MN774990,Gammatorquevirus_homidi2_MN774990
MN775025,Gammatorquevirus_homidi2_MN775025
MN775027,Gammatorquevirus_homidi2_MN775027
MN775033,Gammatorquevirus_homidi2_MN775033
MN775040,Gammatorquevirus_homidi2_MN775040
MN775041,Gammatorquevirus_homidi2_MN775041
MN775043,Gammatorquevirus_homidi2_MN775043
MN775046,Gammatorquevirus_homidi2_MN775046
MN775053,Gammatorquevirus_homidi2_MN775053
MN776879,Gammatorquevirus_homidi2_MN776879
MN776880,Gammatorquevirus_homidi2_MN776880
MN776957,Gammatorquevirus_homidi2_MN776957
MN776988,Gammatorquevirus_homidi2_MN776988
MN777159,Gammatorquevirus_homidi2_MN777159
MN777160,Gammatorquevirus_homidi2_MN777160
MN777162,Gammatorquevirus_homidi2_MN777162
MN777170,Gammatorquevirus_homidi2_MN777170
MN777171,Gammatorquevirus_homidi2_MN777171
MN777187,Gammatorquevirus_homidi2_MN777187
MN777194,Gammatorquevirus_homidi2_MN777194
MN777198,Gammatorquevirus_homidi2_MN777198
MN777218,Gammatorquevirus_homidi2_MN777218
MN777220,Gammatorquevirus_homidi2_MN777220
MN777225,Gammatorquevirus_homidi2_MN777225
MN777907,Gammatorquevirus_homidi2_MN777907
MN778642,Gammatorquevirus_homidi2_MN778642
MN778647,Gammatorquevirus_homidi2_MN778647
MN778648,Gammatorquevirus_homidi2_MN778648
MN778695,Gammatorquevirus_homidi2_MN778695
MN778707,Gammatorquevirus_homidi2_MN778707
MN779084,Gammatorquevirus_homidi2_MN779084
MN779597,Gammatorquevirus_homidi2_MN779597
MN779598,Gammatorquevirus_homidi2_MN779598
MN779600,Gammatorquevirus_homidi2_MN779600
MN779602,Gammatorquevirus_homidi2_MN779602
MN779604,Gammatorquevirus_homidi2_MN779604
MN779605,Gammatorquevirus_homidi2_MN779605
MN779606,Gammatorquevirus_homidi2_MN779606
MN779608,Gammatorquevirus_homidi2_MN779608
MN779609,Gammatorquevirus_homidi2_MN779609
MN779610,Gammatorquevirus_homidi2_MN779610
MN779611,Gammatorquevirus_homidi2_MN779611
MN779612,Gammatorquevirus_homidi2_MN779612
MN779615,Gammatorquevirus_homidi2_MN779615
MN779616,Gammatorquevirus_homidi2_MN779616
MN779617,Gammatorquevirus_homidi2_MN779617
MN779620,Gammatorquevirus_homidi2_MN779620
MN779624,Gammatorquevirus_homidi2_MN779624
MN779626,Gammatorquevirus_homidi2_MN779626
MN779630,Gammatorquevirus_homidi2_MN779630
MN779634,Gammatorquevirus_homidi2_MN779634
MN779635,Gammatorquevirus_homidi2_MN779635
MN779639,Gammatorquevirus_homidi2_MN779639
MN779644,Gammatorquevirus_homidi2_MN779644
MN779646,Gammatorquevirus_homidi2_MN779646
MN779651,Gammatorquevirus_homidi2_MN779651
MN779653,Gammatorquevirus_homidi2_MN779653
MN779655,Gammatorquevirus_homidi2_MN779655
MN779665,Gammatorquevirus_homidi2_MN779665
MN779668,Gammatorquevirus_homidi2_MN779668
MN779673,Gammatorquevirus_homidi2_MN779673
MN779678,Gammatorquevirus_homidi2_MN779678
MN779684,Gammatorquevirus_homidi2_MN779684
MN779690,Gammatorquevirus_homidi2_MN779690
MN779695,Gammatorquevirus_homidi2_MN779695
MN779699,Gammatorquevirus_homidi2_MN779699
MN779713,Gammatorquevirus_homidi2_MN779713
MN779718,Gammatorquevirus_homidi2_MN779718
MN779724,Gammatorquevirus_homidi2_MN779724
MN779748,Gammatorquevirus_homidi2_MN779748
MN779751,Gammatorquevirus_homidi2_MN779751
MN779794,Gammatorquevirus_homidi2_MN779794
MN779907,Gammatorquevirus_homidi2_MN779907
MN780149,Gammatorquevirus_homidi2_MN780149
MN780346,Gammatorquevirus_homidi2_MN780346
MN780347,Gammatorquevirus_homidi2_MN780347
MN780350,Gammatorquevirus_homidi2_MN780350
MN780353,Gammatorquevirus_homidi2_MN780353
MN780394,Gammatorquevirus_homidi2_MN780394
MN780400,Gammatorquevirus_homidi2_MN780400
OK574374,Gammatorquevirus_homidi2_OK574374
PP857100,Gammatorquevirus_homidi2_PP857100
PQ580917,Gammatorquevirus_homidi2_PQ580917
PV013148,Gammatorquevirus_homidi2_PV013148
MN774999,Gammatorquevirus_homidi3_MN774999
MN775088,Gammatorquevirus_homidi3_MN775088
MN775098,Gammatorquevirus_homidi3_MN775098
MN775625,Gammatorquevirus_homidi3_MN775625
MN775626,Gammatorquevirus_homidi3_MN775626
MN775627,Gammatorquevirus_homidi3_MN775627
MN775628,Gammatorquevirus_homidi3_MN775628
MN775629,Gammatorquevirus_homidi3_MN775629
MN775631,Gammatorquevirus_homidi3_MN775631
MN775633,Gammatorquevirus_homidi3_MN775633
MN775646,Gammatorquevirus_homidi3_MN775646
MN775651,Gammatorquevirus_homidi3_MN775651
MN775655,Gammatorquevirus_homidi3_MN775655
MN775686,Gammatorquevirus_homidi3_MN775686
MN775981,Gammatorquevirus_homidi3_MN775981
MN776738,Gammatorquevirus_homidi3_MN776738
MN777179,Gammatorquevirus_homidi3_MN777179
MN777184,Gammatorquevirus_homidi3_MN777184
MZ286000,Gammatorquevirus_homidi3_MZ286000
MZ286069,Gammatorquevirus_homidi3_MZ286069
AB303554,Gammatorquevirus_homidi7_AB303554
AB303566,Gammatorquevirus_homidi7_AB303566
BK066571,Gammatorquevirus_homidi7_BK066571
MN774944,Gammatorquevirus_homidi7_MN774944
MN774985,Gammatorquevirus_homidi7_MN774985
MN774987,Gammatorquevirus_homidi7_MN774987
MN774997,Gammatorquevirus_homidi7_MN774997
MN775082,Gammatorquevirus_homidi7_MN775082
MN775084,Gammatorquevirus_homidi7_MN775084
MN775395,Gammatorquevirus_homidi7_MN775395
MN775396,Gammatorquevirus_homidi7_MN775396
MN775397,Gammatorquevirus_homidi7_MN775397
MN775398,Gammatorquevirus_homidi7_MN775398
MN775399,Gammatorquevirus_homidi7_MN775399
MN775400,Gammatorquevirus_homidi7_MN775400
MN775402,Gammatorquevirus_homidi7_MN775402
MN775403,Gammatorquevirus_homidi7_MN775403
MN775407,Gammatorquevirus_homidi7_MN775407
MN775408,Gammatorquevirus_homidi7_MN775408
MN775411,Gammatorquevirus_homidi7_MN775411
MN775414,Gammatorquevirus_homidi7_MN775414
MN775418,Gammatorquevirus_homidi7_MN775418
MN775423,Gammatorquevirus_homidi7_MN775423
MN775425,Gammatorquevirus_homidi7_MN775425
MN775429,Gammatorquevirus_homidi7_MN775429
MN775437,Gammatorquevirus_homidi7_MN775437
MN775440,Gammatorquevirus_homidi7_MN775440
MN775445,Gammatorquevirus_homidi7_MN775445
MN775446,Gammatorquevirus_homidi7_MN775446
MN775448,Gammatorquevirus_homidi7_MN775448
MN775449,Gammatorquevirus_homidi7_MN775449
MN775454,Gammatorquevirus_homidi7_MN775454
MN775456,Gammatorquevirus_homidi7_MN775456
MN775975,Gammatorquevirus_homidi7_MN775975
MN775976,Gammatorquevirus_homidi7_MN775976
MN775977,Gammatorquevirus_homidi7_MN775977
MN775978,Gammatorquevirus_homidi7_MN775978
MN776007,Gammatorquevirus_homidi7_MN776007
MN776010,Gammatorquevirus_homidi7_MN776010
MN776367,Gammatorquevirus_homidi7_MN776367
MN776368,Gammatorquevirus_homidi7_MN776368
MN776370,Gammatorquevirus_homidi7_MN776370
MN776371,Gammatorquevirus_homidi7_MN776371
MN776376,Gammatorquevirus_homidi7_MN776376
MN776759,Gammatorquevirus_homidi7_MN776759
MN776760,Gammatorquevirus_homidi7_MN776760
MN776763,Gammatorquevirus_homidi7_MN776763
MN776764,Gammatorquevirus_homidi7_MN776764
MN776766,Gammatorquevirus_homidi7_MN776766
MN776767,Gammatorquevirus_homidi7_MN776767
MN776769,Gammatorquevirus_homidi7_MN776769
MN776770,Gammatorquevirus_homidi7_MN776770
MN776776,Gammatorquevirus_homidi7_MN776776
MN776777,Gammatorquevirus_homidi7_MN776777
MN776780,Gammatorquevirus_homidi7_MN776780
MN776782,Gammatorquevirus_homidi7_MN776782
MN776784,Gammatorquevirus_homidi7_MN776784
MN776787,Gammatorquevirus_homidi7_MN776787
MN776789,Gammatorquevirus_homidi7_MN776789
MN776793,Gammatorquevirus_homidi7_MN776793
MN776794,Gammatorquevirus_homidi7_MN776794
MN776796,Gammatorquevirus_homidi7_MN776796
MN776800,Gammatorquevirus_homidi7_MN776800
MN776806,Gammatorquevirus_homidi7_MN776806
MN776817,Gammatorquevirus_homidi7_MN776817
MN776818,Gammatorquevirus_homidi7_MN776818
MN776825,Gammatorquevirus_homidi7_MN776825
MN776834,Gammatorquevirus_homidi7_MN776834
MN776840,Gammatorquevirus_homidi7_MN776840
MN776841,Gammatorquevirus_homidi7_MN776841
MN776842,Gammatorquevirus_homidi7_MN776842
MN776848,Gammatorquevirus_homidi7_MN776848
MN776849,Gammatorquevirus_homidi7_MN776849
MN776881,Gammatorquevirus_homidi7_MN776881
MN776882,Gammatorquevirus_homidi7_MN776882
MN776891,Gammatorquevirus_homidi7_MN776891
MN776892,Gammatorquevirus_homidi7_MN776892
MN776893,Gammatorquevirus_homidi7_MN776893
MN776894,Gammatorquevirus_homidi7_MN776894
MN776896,Gammatorquevirus_homidi7_MN776896
MN776908,Gammatorquevirus_homidi7_MN776908
MN779415,Gammatorquevirus_homidi7_MN779415
MN779416,Gammatorquevirus_homidi7_MN779416
MN779417,Gammatorquevirus_homidi7_MN779417
MN779418,Gammatorquevirus_homidi7_MN779418
MN779419,Gammatorquevirus_homidi7_MN779419
MN779420,Gammatorquevirus_homidi7_MN779420
MN779424,Gammatorquevirus_homidi7_MN779424
MN779427,Gammatorquevirus_homidi7_MN779427
MN779428,Gammatorquevirus_homidi7_MN779428
MN779433,Gammatorquevirus_homidi7_MN779433
MN779436,Gammatorquevirus_homidi7_MN779436
MN779439,Gammatorquevirus_homidi7_MN779439
MN779447,Gammatorquevirus_homidi7_MN779447
MN779450,Gammatorquevirus_homidi7_MN779450
MN779459,Gammatorquevirus_homidi7_MN779459
MN779473,Gammatorquevirus_homidi7_MN779473
MN780016,Gammatorquevirus_homidi7_MN780016
MN780017,Gammatorquevirus_homidi7_MN780017
MN780018,Gammatorquevirus_homidi7_MN780018
MN780022,Gammatorquevirus_homidi7_MN780022
MN780025,Gammatorquevirus_homidi7_MN780025
MN780030,Gammatorquevirus_homidi7_MN780030
MN780042,Gammatorquevirus_homidi7_MN780042
MN780043,Gammatorquevirus_homidi7_MN780043
MN780047,Gammatorquevirus_homidi7_MN780047
MN780054,Gammatorquevirus_homidi7_MN780054
MN780154,Gammatorquevirus_homidi7_MN780154
MN780158,Gammatorquevirus_homidi7_MN780158
MN780160,Gammatorquevirus_homidi7_MN780160
MN780162,Gammatorquevirus_homidi7_MN780162
MN780163,Gammatorquevirus_homidi7_MN780163
MN780167,Gammatorquevirus_homidi7_MN780167
MN780169,Gammatorquevirus_homidi7_MN780169
MN780170,Gammatorquevirus_homidi7_MN780170
MN780171,Gammatorquevirus_homidi7_MN780171
MN780176,Gammatorquevirus_homidi7_MN780176
MN780179,Gammatorquevirus_homidi7_MN780179
MN780182,Gammatorquevirus_homidi7_MN780182
MN780184,Gammatorquevirus_homidi7_MN780184
MN780186,Gammatorquevirus_homidi7_MN780186
MN780187,Gammatorquevirus_homidi7_MN780187
MN780189,Gammatorquevirus_homidi7_MN780189
MN780191,Gammatorquevirus_homidi7_MN780191
MN780198,Gammatorquevirus_homidi7_MN780198
MN780208,Gammatorquevirus_homidi7_MN780208
MN780209,Gammatorquevirus_homidi7_MN780209
MN780212,Gammatorquevirus_homidi7_MN780212
MN780236,Gammatorquevirus_homidi7_MN780236
MN780252,Gammatorquevirus_homidi7_MN780252
MN780295,Gammatorquevirus_homidi7_MN780295
MN780300,Gammatorquevirus_homidi7_MN780300
MN780303,Gammatorquevirus_homidi7_MN780303
MN780309,Gammatorquevirus_homidi7_MN780309
MN780317,Gammatorquevirus_homidi7_MN780317
MN780370,Gammatorquevirus_homidi7_MN780370
MN780393,Gammatorquevirus_homidi7_MN780393
MZ286096,Gammatorquevirus_homidi7_MZ286096
MZ286117,Gammatorquevirus_homidi7_MZ286117
MZ824836,Gammatorquevirus_homidi7_MZ824836
MZ824838,Gammatorquevirus_homidi7_MZ824838
MZ824978,Gammatorquevirus_homidi7_MZ824978
MZ825115,Gammatorquevirus_homidi7_MZ825115
OK574354,Gammatorquevirus_homidi7_OK574354
OK574368,Gammatorquevirus_homidi7_OK574368
OK574393,Gammatorquevirus_homidi7_OK574393
OK574425,Gammatorquevirus_homidi7_OK574425
OP721147,Gammatorquevirus_homidi7_OP721147
OQ064551,Gammatorquevirus_homidi7_OQ064551
OQ064554,Gammatorquevirus_homidi7_OQ064554
OQ971817,Gammatorquevirus_homidi7_OQ971817
PP816695,Gammatorquevirus_homidi7_PP816695
PP857074,Gammatorquevirus_homidi7_PP857074
PP857103,Gammatorquevirus_homidi7_PP857103
PP857105,Gammatorquevirus_homidi7_PP857105
PQ580906,Gammatorquevirus_homidi7_PQ580906
PQ580949,Gammatorquevirus_homidi7_PQ580949
AB303561,Gammatorquevirus_homidi11_AB303561
MN774964,Gammatorquevirus_homidi11_MN774964
MN774993,Gammatorquevirus_homidi11_MN774993
MN775121,Gammatorquevirus_homidi11_MN775121
MN775123,Gammatorquevirus_homidi11_MN775123
MN775126,Gammatorquevirus_homidi11_MN775126
MN775129,Gammatorquevirus_homidi11_MN775129
MN775131,Gammatorquevirus_homidi11_MN775131
MN775140,Gammatorquevirus_homidi11_MN775140
MN775154,Gammatorquevirus_homidi11_MN775154
MN776140,Gammatorquevirus_homidi11_MN776140
MN776965,Gammatorquevirus_homidi11_MN776965
MN776966,Gammatorquevirus_homidi11_MN776966
MN777710,Gammatorquevirus_homidi11_MN777710
MN777712,Gammatorquevirus_homidi11_MN777712
MN777716,Gammatorquevirus_homidi11_MN777716
MN777719,Gammatorquevirus_homidi11_MN777719
MN777721,Gammatorquevirus_homidi11_MN777721
MN777723,Gammatorquevirus_homidi11_MN777723
MN777725,Gammatorquevirus_homidi11_MN777725
MN777726,Gammatorquevirus_homidi11_MN777726
MN777727,Gammatorquevirus_homidi11_MN777727
MN777728,Gammatorquevirus_homidi11_MN777728
MN777729,Gammatorquevirus_homidi11_MN777729
MN777733,Gammatorquevirus_homidi11_MN777733
MN777736,Gammatorquevirus_homidi11_MN777736
MN777738,Gammatorquevirus_homidi11_MN777738
MN777743,Gammatorquevirus_homidi11_MN777743
MN777744,Gammatorquevirus_homidi11_MN777744
MN777747,Gammatorquevirus_homidi11_MN777747
MN777756,Gammatorquevirus_homidi11_MN777756
MN777773,Gammatorquevirus_homidi11_MN777773
MN777787,Gammatorquevirus_homidi11_MN777787
MN777799,Gammatorquevirus_homidi11_MN777799
MN777803,Gammatorquevirus_homidi11_MN777803
MN777807,Gammatorquevirus_homidi11_MN777807
MN777832,Gammatorquevirus_homidi11_MN777832
MN777850,Gammatorquevirus_homidi11_MN777850
MN777869,Gammatorquevirus_homidi11_MN777869
MN777878,Gammatorquevirus_homidi11_MN777878
MN777975,Gammatorquevirus_homidi11_MN777975
MN777981,Gammatorquevirus_homidi11_MN777981
MN779525,Gammatorquevirus_homidi11_MN779525
MN779526,Gammatorquevirus_homidi11_MN779526
MN779530,Gammatorquevirus_homidi11_MN779530
MN779543,Gammatorquevirus_homidi11_MN779543
MN779547,Gammatorquevirus_homidi11_MN779547
MN779548,Gammatorquevirus_homidi11_MN779548
MN779552,Gammatorquevirus_homidi11_MN779552
MN779558,Gammatorquevirus_homidi11_MN779558
MN779561,Gammatorquevirus_homidi11_MN779561
MN779566,Gammatorquevirus_homidi11_MN779566
MN779568,Gammatorquevirus_homidi11_MN779568
MN779911,Gammatorquevirus_homidi11_MN779911
MZ286150,Gammatorquevirus_homidi11_MZ286150
MZ286154,Gammatorquevirus_homidi11_MZ286154
MZ286238,Gammatorquevirus_homidi11_MZ286238
MZ825036,Gammatorquevirus_homidi11_MZ825036
MZ825153,Gammatorquevirus_homidi11_MZ825153
PQ580950,Gammatorquevirus_homidi11_PQ580950
PQ580993,Gammatorquevirus_homidi11_PQ580993
AB303559,Gammatorquevirus_homidi9_AB303559
MN775009,Gammatorquevirus_homidi9_MN775009
MN775010,Gammatorquevirus_homidi9_MN775010
MN775013,Gammatorquevirus_homidi9_MN775013
MN775014,Gammatorquevirus_homidi9_MN775014
MN775015,Gammatorquevirus_homidi9_MN775015
MN775020,Gammatorquevirus_homidi9_MN775020
MN777972,Gammatorquevirus_homidi9_MN777972
PQ581003,Gammatorquevirus_homidi9_PQ581003
AB449062,Gammatorquevirus_homidi15_AB449062
AB449063,Gammatorquevirus_homidi15_AB449063
AB449064,Gammatorquevirus_homidi15_AB449064
MN776314,Gammatorquevirus_homidi15_MN776314
MN776316,Gammatorquevirus_homidi15_MN776316
MN776340,Gammatorquevirus_homidi15_MN776340
MN777082,Gammatorquevirus_homidi1_MN777082
MN776207,Gammatorquevirus_homidi4_MN776207
MZ824835,Gammatorquevirus_homidi4_MZ824835
MN779117,Gammatorquevirus_homidi8_MN779117
BK069162,Gammatorquevirus_homidi1_BK069162
BK069219,Gammatorquevirus_homidi1_BK069219
BK069302,Gammatorquevirus_homidi1_BK069302
BK069312,Gammatorquevirus_homidi1_BK069312
BK069314,Gammatorquevirus_homidi1_BK069314
BK069322,Gammatorquevirus_homidi1_BK069322
BK069350,Gammatorquevirus_homidi1_BK069350
MN776945,Gammatorquevirus_homidi1_MN776945
MN777023,Gammatorquevirus_homidi1_MN777023
MZ824957,Gammatorquevirus_homidi1_MZ824957
BK069112,Gammatorquevirus_homidi10_BK069112
BK069432,Gammatorquevirus_homidi10_BK069432
MN775221,Gammatorquevirus_homidi10_MN775221
BK069123,Gammatorquevirus_homidi11_BK069123
BK069170,Gammatorquevirus_homidi11_BK069170
BK069273,Gammatorquevirus_homidi11_BK069273
BK069281,Gammatorquevirus_homidi11_BK069281
BK069326,Gammatorquevirus_homidi11_BK069326
BK069340,Gammatorquevirus_homidi11_BK069340
BK069341,Gammatorquevirus_homidi11_BK069341
BK069820,Gammatorquevirus_homidi11_BK069820
MN775139,Gammatorquevirus_homidi11_MN775139
MN775175,Gammatorquevirus_homidi11_MN775175
MN777715,Gammatorquevirus_homidi11_MN777715
MN777762,Gammatorquevirus_homidi11_MN777762
MN777777,Gammatorquevirus_homidi11_MN777777
MN777813,Gammatorquevirus_homidi11_MN777813
MN779533,Gammatorquevirus_homidi11_MN779533
MZ286005,Gammatorquevirus_homidi11_MZ286005
MZ286201,Gammatorquevirus_homidi11_MZ286201
BK069097,Gammatorquevirus_homidi12_BK069097
BK069285,Gammatorquevirus_homidi12_BK069285
BK069761,Gammatorquevirus_homidi12_BK069761
BK069099,Gammatorquevirus_homidi13_BK069099
BK069289,Gammatorquevirus_homidi13_BK069289
BK069346,Gammatorquevirus_homidi13_BK069346
BK069347,Gammatorquevirus_homidi13_BK069347
BK069373,Gammatorquevirus_homidi13_BK069373
BK069818,Gammatorquevirus_homidi13_BK069818
MN778650,Gammatorquevirus_homidi13_MN778650
MN778858,Gammatorquevirus_homidi13_MN778858
MN778962,Gammatorquevirus_homidi13_MN778962
BK069293,Gammatorquevirus_homidi2_BK069293
BK069298,Gammatorquevirus_homidi2_BK069298
BK069356,Gammatorquevirus_homidi2_BK069356
BK069809,Gammatorquevirus_homidi2_BK069809
BK069810,Gammatorquevirus_homidi2_BK069810
MN779638,Gammatorquevirus_homidi2_MN779638
MN779685,Gammatorquevirus_homidi2_MN779685
MN779744,Gammatorquevirus_homidi2_MN779744
MN775645,Gammatorquevirus_homidi3_MN775645
MN775685,Gammatorquevirus_homidi3_MN775685
BK069111,Gammatorquevirus_homidi4_BK069111
BK069117,Gammatorquevirus_homidi4_BK069117
BK069122,Gammatorquevirus_homidi4_BK069122
BK069222,Gammatorquevirus_homidi4_BK069222
BK069243,Gammatorquevirus_homidi4_BK069243
BK069323,Gammatorquevirus_homidi4_BK069323
BK069328,Gammatorquevirus_homidi4_BK069328
BK069348,Gammatorquevirus_homidi4_BK069348
BK069349,Gammatorquevirus_homidi4_BK069349
BK069359,Gammatorquevirus_homidi4_BK069359
MN776182,Gammatorquevirus_homidi4_MN776182
BK069113,Gammatorquevirus_homidi5_BK069113
BK069288,Gammatorquevirus_homidi5_BK069288
BK069315,Gammatorquevirus_homidi5_BK069315
BK069329,Gammatorquevirus_homidi5_BK069329
BK069780,Gammatorquevirus_homidi5_BK069780
BK069816,Gammatorquevirus_homidi5_BK069816
MN775829,Gammatorquevirus_homidi5_MN775829
MN775875,Gammatorquevirus_homidi5_MN775875
MN776619,Gammatorquevirus_homidi5_MN776619
MN776656,Gammatorquevirus_homidi5_MN776656
OK574445,Gammatorquevirus_homidi5_OK574445
PP816711,Gammatorquevirus_homidi5_PP816711
PV013205,Gammatorquevirus_homidi5_PV013205
BK069247,Gammatorquevirus_homidi6_BK069247
BK069275,Gammatorquevirus_homidi6_BK069275
BK069321,Gammatorquevirus_homidi6_BK069321
BK069752,Gammatorquevirus_homidi6_BK069752
MN777510,Gammatorquevirus_homidi6_MN777510
MN777576,Gammatorquevirus_homidi6_MN777576
MN777578,Gammatorquevirus_homidi6_MN777578
MN777632,Gammatorquevirus_homidi6_MN777632
MN777646,Gammatorquevirus_homidi6_MN777646
BK069094,Gammatorquevirus_homidi7_BK069094
BK069098,Gammatorquevirus_homidi7_BK069098
BK069102,Gammatorquevirus_homidi7_BK069102
BK069109,Gammatorquevirus_homidi7_BK069109
BK069110,Gammatorquevirus_homidi7_BK069110
BK069114,Gammatorquevirus_homidi7_BK069114
BK069119,Gammatorquevirus_homidi7_BK069119
BK069169,Gammatorquevirus_homidi7_BK069169
BK069229,Gammatorquevirus_homidi7_BK069229
BK069239,Gammatorquevirus_homidi7_BK069239
BK069261,Gammatorquevirus_homidi7_BK069261
BK069282,Gammatorquevirus_homidi7_BK069282
BK069290,Gammatorquevirus_homidi7_BK069290
BK069294,Gammatorquevirus_homidi7_BK069294
BK069307,Gammatorquevirus_homidi7_BK069307
BK069310,Gammatorquevirus_homidi7_BK069310
BK069324,Gammatorquevirus_homidi7_BK069324
BK069335,Gammatorquevirus_homidi7_BK069335
BK069338,Gammatorquevirus_homidi7_BK069338
BK069354,Gammatorquevirus_homidi7_BK069354
BK069364,Gammatorquevirus_homidi7_BK069364
BK069367,Gammatorquevirus_homidi7_BK069367
BK069371,Gammatorquevirus_homidi7_BK069371
BK069425,Gammatorquevirus_homidi7_BK069425
BK069800,Gammatorquevirus_homidi7_BK069800
BK069805,Gammatorquevirus_homidi7_BK069805
MN775416,Gammatorquevirus_homidi7_MN775416
MN775417,Gammatorquevirus_homidi7_MN775417
MN776797,Gammatorquevirus_homidi7_MN776797
MN776869,Gammatorquevirus_homidi7_MN776869
MN779453,Gammatorquevirus_homidi7_MN779453
MN779471,Gammatorquevirus_homidi7_MN779471
MN780029,Gammatorquevirus_homidi7_MN780029
MN780151,Gammatorquevirus_homidi7_MN780151
MN780181,Gammatorquevirus_homidi7_MN780181
MN780224,Gammatorquevirus_homidi7_MN780224
MN780251,Gammatorquevirus_homidi7_MN780251
MN780272,Gammatorquevirus_homidi7_MN780272
MN780311,Gammatorquevirus_homidi7_MN780311
MZ286001,Gammatorquevirus_homidi7_MZ286001
PP816713,Gammatorquevirus_homidi7_PP816713
BK069116,Gammatorquevirus_homidi8_BK069116
BK069121,Gammatorquevirus_homidi8_BK069121
BK069287,Gammatorquevirus_homidi8_BK069287
BK069301,Gammatorquevirus_homidi8_BK069301
BK069313,Gammatorquevirus_homidi8_BK069313
BK069318,Gammatorquevirus_homidi8_BK069318
BK069331,Gammatorquevirus_homidi8_BK069331
BK069361,Gammatorquevirus_homidi8_BK069361
BK069365,Gammatorquevirus_homidi8_BK069365
BK069376,Gammatorquevirus_homidi8_BK069376
MN776541,Gammatorquevirus_homidi8_MN776541
MN777393,Gammatorquevirus_homidi8_MN777393
MN779118,Gammatorquevirus_homidi8_MN779118
MN779121,Gammatorquevirus_homidi8_MN779121
MN779159,Gammatorquevirus_homidi8_MN779159
PP857069,Gammatorquevirus_homidi8_PP857069
BK069127,Gammatorquevirus_homidi9_BK069127
PQ581006,Gammatorquevirus_homidi5_PQ581006
MZ286159,Gammatorquevirus_homidi8_MZ286159
MN775001,Gammatorquevirus_homidi16_MN775001
MN775002,Gammatorquevirus_homidi16_MN775002
MN775460,Gammatorquevirus_homidi16_MN775460
MN775472,Gammatorquevirus_homidi16_MN775472
MN775771,Gammatorquevirus_homidi16_MN775771
MN775772,Gammatorquevirus_homidi16_MN775772
MN775775,Gammatorquevirus_homidi16_MN775775
MN775776,Gammatorquevirus_homidi16_MN775776
MN775780,Gammatorquevirus_homidi16_MN775780
MN775782,Gammatorquevirus_homidi16_MN775782
MN775783,Gammatorquevirus_homidi16_MN775783
MN775786,Gammatorquevirus_homidi16_MN775786
MN777943,Gammatorquevirus_homidi16_MN777943
MN778148,Gammatorquevirus_homidi16_MN778148
MN778149,Gammatorquevirus_homidi16_MN778149
MN778150,Gammatorquevirus_homidi16_MN778150
MN778151,Gammatorquevirus_homidi16_MN778151
MN778154,Gammatorquevirus_homidi16_MN778154
MN778156,Gammatorquevirus_homidi16_MN778156
MN778160,Gammatorquevirus_homidi16_MN778160
MN778165,Gammatorquevirus_homidi16_MN778165
MN778166,Gammatorquevirus_homidi16_MN778166
MN778168,Gammatorquevirus_homidi16_MN778168
MN778170,Gammatorquevirus_homidi16_MN778170
MN778171,Gammatorquevirus_homidi16_MN778171
MN778178,Gammatorquevirus_homidi16_MN778178
MN778180,Gammatorquevirus_homidi16_MN778180
MN778183,Gammatorquevirus_homidi16_MN778183
MN778185,Gammatorquevirus_homidi16_MN778185
MN778189,Gammatorquevirus_homidi16_MN778189
MN778192,Gammatorquevirus_homidi16_MN778192
MN778194,Gammatorquevirus_homidi16_MN778194
MN778195,Gammatorquevirus_homidi16_MN778195
MN778197,Gammatorquevirus_homidi16_MN778197
MN778198,Gammatorquevirus_homidi16_MN778198
MN778199,Gammatorquevirus_homidi16_MN778199
MN778206,Gammatorquevirus_homidi16_MN778206
MN778224,Gammatorquevirus_homidi16_MN778224
MN778225,Gammatorquevirus_homidi16_MN778225
MN778237,Gammatorquevirus_homidi16_MN778237
MN778238,Gammatorquevirus_homidi16_MN778238
MN778243,Gammatorquevirus_homidi16_MN778243
MN778259,Gammatorquevirus_homidi16_MN778259
MN778268,Gammatorquevirus_homidi16_MN778268
MN778275,Gammatorquevirus_homidi16_MN778275
MN778287,Gammatorquevirus_homidi16_MN778287
MN778294,Gammatorquevirus_homidi16_MN778294
MN778295,Gammatorquevirus_homidi16_MN778295
MN778296,Gammatorquevirus_homidi16_MN778296
MN778300,Gammatorquevirus_homidi16_MN778300
MN778339,Gammatorquevirus_homidi16_MN778339
MN778934,Gammatorquevirus_homidi16_MN778934
MN780114,Gammatorquevirus_homidi16_MN780114
MN780115,Gammatorquevirus_homidi16_MN780115
MN780117,Gammatorquevirus_homidi16_MN780117
MN780122,Gammatorquevirus_homidi16_MN780122
MN780128,Gammatorquevirus_homidi16_MN780128
MN780129,Gammatorquevirus_homidi16_MN780129
MN780136,Gammatorquevirus_homidi16_MN780136
MN780140,Gammatorquevirus_homidi16_MN780140
MN780142,Gammatorquevirus_homidi16_MN780142
MN780146,Gammatorquevirus_homidi16_MN780146
MN780465,Gammatorquevirus_homidi16_MN780465
MN780468,Gammatorquevirus_homidi16_MN780468
MN780472,Gammatorquevirus_homidi16_MN780472
MW455361,Gammatorquevirus_homidi16_MW455361
MZ286083,Gammatorquevirus_homidi16_MZ286083
MZ286095,Gammatorquevirus_homidi16_MZ286095
MZ286223,Gammatorquevirus_homidi16_MZ286223
MZ824910,Gammatorquevirus_homidi16_MZ824910
OF327380,Gammatorquevirus_homidi16_OF327380
OK574348,Gammatorquevirus_homidi16_OK574348
OK574356,Gammatorquevirus_homidi16_OK574356
OK574359,Gammatorquevirus_homidi16_OK574359
OK574404,Gammatorquevirus_homidi16_OK574404
OQ064553,Gammatorquevirus_homidi16_OQ064553
PP816697,Gammatorquevirus_homidi16_PP816697
PP857091,Gammatorquevirus_homidi16_PP857091
PP857093,Gammatorquevirus_homidi16_PP857093
PP857094,Gammatorquevirus_homidi16_PP857094
PP857095,Gammatorquevirus_homidi16_PP857095
PQ581013,Gammatorquevirus_homidi16_PQ581013
PV013145,Gammatorquevirus_homidi16_PV013145
MN774937,Gammatorquevirus_homidi17_MN774937
MN774951,Gammatorquevirus_homidi17_MN774951
MN774952,Gammatorquevirus_homidi17_MN774952
MN774978,Gammatorquevirus_homidi17_MN774978
MN777001,Gammatorquevirus_homidi17_MN777001
MN777926,Gammatorquevirus_homidi17_MN777926
MN777927,Gammatorquevirus_homidi17_MN777927
MN777929,Gammatorquevirus_homidi17_MN777929
MN777931,Gammatorquevirus_homidi17_MN777931
MN777935,Gammatorquevirus_homidi17_MN777935
MN777938,Gammatorquevirus_homidi17_MN777938
MN777940,Gammatorquevirus_homidi17_MN777940
MN777942,Gammatorquevirus_homidi17_MN777942
MN780080,Gammatorquevirus_homidi17_MN780080
MN780086,Gammatorquevirus_homidi17_MN780086
MN780094,Gammatorquevirus_homidi17_MN780094
MN780097,Gammatorquevirus_homidi17_MN780097
MN774970,Gammatorquevirus_homidi18_MN774970
MN775705,Gammatorquevirus_homidi18_MN775705
MN775706,Gammatorquevirus_homidi18_MN775706
MN775707,Gammatorquevirus_homidi18_MN775707
MN775709,Gammatorquevirus_homidi18_MN775709
MN775710,Gammatorquevirus_homidi18_MN775710
MN775716,Gammatorquevirus_homidi18_MN775716
MN775721,Gammatorquevirus_homidi18_MN775721
MN775722,Gammatorquevirus_homidi18_MN775722
MN775723,Gammatorquevirus_homidi18_MN775723
MN775724,Gammatorquevirus_homidi18_MN775724
MZ824825,Gammatorquevirus_homidi18_MZ824825
PP816696,Gammatorquevirus_homidi18_PP816696
PQ580983,Gammatorquevirus_homidi18_PQ580983
MN775000,Gammatorquevirus_homidi19_MN775000
MN776251,Gammatorquevirus_homidi20_MN776251
MN776257,Gammatorquevirus_homidi20_MN776257
MN776260,Gammatorquevirus_homidi20_MN776260
MN776261,Gammatorquevirus_homidi20_MN776261
MN776262,Gammatorquevirus_homidi20_MN776262
MN776264,Gammatorquevirus_homidi20_MN776264
MN776267,Gammatorquevirus_homidi20_MN776267
MN776269,Gammatorquevirus_homidi20_MN776269
MN780464,Gammatorquevirus_homidi20_MN780464
MZ824786,Gammatorquevirus_homidi20_MZ824786
OQ064548,Gammatorquevirus_homidi20_OQ064548
PQ581000,Gammatorquevirus_homidi20_PQ581000
MN776389,Gammatorquevirus_homidi21_MN776389
MN776701,Gammatorquevirus_homidi22_MN776701
MN779342,Gammatorquevirus_homidi23_MN779342
MN779343,Gammatorquevirus_homidi23_MN779343
MN779344,Gammatorquevirus_homidi23_MN779344
MN779345,Gammatorquevirus_homidi23_MN779345
MN779348,Gammatorquevirus_homidi23_MN779348
MN779349,Gammatorquevirus_homidi23_MN779349
MN779350,Gammatorquevirus_homidi23_MN779350
MN779352,Gammatorquevirus_homidi23_MN779352
MN779353,Gammatorquevirus_homidi23_MN779353
MN779357,Gammatorquevirus_homidi23_MN779357
MN779358,Gammatorquevirus_homidi23_MN779358
MN779359,Gammatorquevirus_homidi23_MN779359
MN779363,Gammatorquevirus_homidi23_MN779363
MN779365,Gammatorquevirus_homidi23_MN779365
MN779379,Gammatorquevirus_homidi23_MN779379
MN779385,Gammatorquevirus_homidi23_MN779385
MN779411,Gammatorquevirus_homidi23_MN779411
OK574441,Gammatorquevirus_homidi23_OK574441
OP721138,Gammatorquevirus_homidi23_OP721138
MN775985,Gammatorquevirus_homidi24_MN775985
MN775992,Gammatorquevirus_homidi24_MN775992
MN776726,Gammatorquevirus_homidi24_MN776726
MN776736,Gammatorquevirus_homidi24_MN776736
MN778929,Gammatorquevirus_homidi24_MN778929
MN775007,Gammatorquevirus_homidi25_MN775007
MN775018,Gammatorquevirus_homidi25_MN775018
MN775116,Gammatorquevirus_homidi25_MN775116
MN775888,Gammatorquevirus_homidi25_MN775888
MN775890,Gammatorquevirus_homidi25_MN775890
MN775897,Gammatorquevirus_homidi25_MN775897
MN778349,Gammatorquevirus_homidi25_MN778349
MN778352,Gammatorquevirus_homidi25_MN778352
MN778353,Gammatorquevirus_homidi25_MN778353
MN778356,Gammatorquevirus_homidi25_MN778356
MN778359,Gammatorquevirus_homidi25_MN778359
MN778362,Gammatorquevirus_homidi25_MN778362
MN778364,Gammatorquevirus_homidi25_MN778364
MN778365,Gammatorquevirus_homidi25_MN778365
MN778368,Gammatorquevirus_homidi25_MN778368
MN778370,Gammatorquevirus_homidi25_MN778370
MN778374,Gammatorquevirus_homidi25_MN778374
MN778375,Gammatorquevirus_homidi25_MN778375
MN778381,Gammatorquevirus_homidi25_MN778381
MN778387,Gammatorquevirus_homidi25_MN778387
MN778388,Gammatorquevirus_homidi25_MN778388
MN778389,Gammatorquevirus_homidi25_MN778389
MN778393,Gammatorquevirus_homidi25_MN778393
MN778417,Gammatorquevirus_homidi25_MN778417
MN778427,Gammatorquevirus_homidi25_MN778427
MN778442,Gammatorquevirus_homidi25_MN778442
MN778449,Gammatorquevirus_homidi25_MN778449
MN774971,Gammatorquevirus_homidi26_MN774971
MN775003,Gammatorquevirus_homidi26_MN775003
MN775094,Gammatorquevirus_homidi26_MN775094
MN775961,Gammatorquevirus_homidi26_MN775961
MN775963,Gammatorquevirus_homidi26_MN775963
MN775964,Gammatorquevirus_homidi26_MN775964
MN775980,Gammatorquevirus_homidi26_MN775980
MN775982,Gammatorquevirus_homidi26_MN775982
MN775983,Gammatorquevirus_homidi26_MN775983
MN775984,Gammatorquevirus_homidi26_MN775984
MN775986,Gammatorquevirus_homidi26_MN775986
MN775990,Gammatorquevirus_homidi26_MN775990
MN775991,Gammatorquevirus_homidi26_MN775991
MN776029,Gammatorquevirus_homidi26_MN776029
MN778931,Gammatorquevirus_homidi26_MN778931
MN778932,Gammatorquevirus_homidi26_MN778932
PQ581014,Gammatorquevirus_homidi26_PQ581014
MN775081,Gammatorquevirus_homidi27_MN775081
MN775087,Gammatorquevirus_homidi27_MN775087
MN775089,Gammatorquevirus_homidi28_MN775089
MN775093,Gammatorquevirus_homidi28_MN775093
MN775095,Gammatorquevirus_homidi28_MN775095
MN775104,Gammatorquevirus_homidi28_MN775104
MN775112,Gammatorquevirus_homidi28_MN775112
MN775314,Gammatorquevirus_homidi28_MN775314
MN775315,Gammatorquevirus_homidi28_MN775315
MN775316,Gammatorquevirus_homidi28_MN775316
MN775318,Gammatorquevirus_homidi28_MN775318
MN775320,Gammatorquevirus_homidi28_MN775320
MN775092,Gammatorquevirus_homidi29_MN775092
MN775101,Gammatorquevirus_homidi29_MN775101
MN775799,Gammatorquevirus_homidi29_MN775799
MN165105,Gammatorquevirus_homidi30_MN165105
MN775908,Gammatorquevirus_homidi30_MN775908
MN775909,Gammatorquevirus_homidi30_MN775909
MN775918,Gammatorquevirus_homidi30_MN775918
MN775920,Gammatorquevirus_homidi30_MN775920
MN775923,Gammatorquevirus_homidi30_MN775923
MN775926,Gammatorquevirus_homidi30_MN775926
MN775935,Gammatorquevirus_homidi30_MN775935
MN776003,Gammatorquevirus_homidi32_MN776003
MN776012,Gammatorquevirus_homidi32_MN776012
MN776396,Gammatorquevirus_homidi32_MN776396
MN776398,Gammatorquevirus_homidi32_MN776398
MN776406,Gammatorquevirus_homidi32_MN776406
MN776416,Gammatorquevirus_homidi32_MN776416
MN776580,Gammatorquevirus_homidi32_MN776580
MN776582,Gammatorquevirus_homidi32_MN776582
MN775004,Gammatorquevirus_homidi33_MN775004
MN775090,Gammatorquevirus_homidi33_MN775090
MN775114,Gammatorquevirus_homidi33_MN775114
MN775812,Gammatorquevirus_homidi33_MN775812
MN775824,Gammatorquevirus_homidi33_MN775824
MN776732,Gammatorquevirus_homidi24_MN776732
MN776145,Gammatorquevirus_homidi35_MN776145
MN774976,Gammatorquevirus_homidi36_MN774976
MN777695,Gammatorquevirus_homidi36_MN777695
MN777699,Gammatorquevirus_homidi36_MN777699
MN774977,Gammatorquevirus_homidi37_MN774977
MN777900,Gammatorquevirus_homidi37_MN777900
MN777906,Gammatorquevirus_homidi37_MN777906
MN778893,Gammatorquevirus_homidi38_MN778893
MN778894,Gammatorquevirus_homidi38_MN778894
MN778899,Gammatorquevirus_homidi39_MN778899
MN778900,Gammatorquevirus_homidi39_MN778900
MN165106,Gammatorquevirus_homidi40_MN165106
MN774955,Gammatorquevirus_homidi40_MN774955
MN775789,Gammatorquevirus_homidi40_MN775789
MN775801,Gammatorquevirus_homidi40_MN775801
MN775803,Gammatorquevirus_homidi40_MN775803
MN777896,Gammatorquevirus_homidi40_MN777896
MN777910,Gammatorquevirus_homidi40_MN777910
MN777946,Gammatorquevirus_homidi40_MN777946
MN778953,Gammatorquevirus_homidi40_MN778953
MN779054,Gammatorquevirus_homidi40_MN779054
MN779056,Gammatorquevirus_homidi40_MN779056
MN779057,Gammatorquevirus_homidi40_MN779057
MN779063,Gammatorquevirus_homidi40_MN779063
MN779064,Gammatorquevirus_homidi40_MN779064
MN779066,Gammatorquevirus_homidi40_MN779066
MN779067,Gammatorquevirus_homidi40_MN779067
MN779068,Gammatorquevirus_homidi40_MN779068
MN779076,Gammatorquevirus_homidi40_MN779076
MN779079,Gammatorquevirus_homidi40_MN779079
MN779083,Gammatorquevirus_homidi40_MN779083
MN779085,Gammatorquevirus_homidi40_MN779085
MN779086,Gammatorquevirus_homidi40_MN779086
PQ580991,Gammatorquevirus_homidi40_PQ580991
MN778972,Gammatorquevirus_homidi41_MN778972
MN779583,Gammatorquevirus_homidi41_MN779583
MN165100,Gammatorquevirus_homidi42_MN165100
MN775099,Gammatorquevirus_homidi42_MN775099
MN774974,Gammatorquevirus_homidi43_MN774974
MN774982,Gammatorquevirus_homidi43_MN774982
MN776005,Gammatorquevirus_homidi43_MN776005
MN777899,Gammatorquevirus_homidi43_MN777899
MN777952,Gammatorquevirus_homidi43_MN777952
MN777956,Gammatorquevirus_homidi43_MN777956
MN775102,Gammatorquevirus_homidi44_MN775102
MN775792,Gammatorquevirus_homidi44_MN775792
MN775798,Gammatorquevirus_homidi44_MN775798
MN777897,Gammatorquevirus_homidi44_MN777897
MN774986,Gammatorquevirus_homidi45_MN774986
MN776407,Gammatorquevirus_homidi45_MN776407
MN779966,Gammatorquevirus_homidi45_MN779966
MN779967,Gammatorquevirus_homidi45_MN779967
MN779969,Gammatorquevirus_homidi45_MN779969
MN779971,Gammatorquevirus_homidi45_MN779971
MN779974,Gammatorquevirus_homidi45_MN779974
MN779980,Gammatorquevirus_homidi45_MN779980
MN780001,Gammatorquevirus_homidi45_MN780001
MN780002,Gammatorquevirus_homidi45_MN780002
PV013300,Gammatorquevirus_homidi45_PV013300
MN778959,Gammatorquevirus_homidi46_MN778959
MN780156,Gammatorquevirus_homidi46_MN780156
MN780157,Gammatorquevirus_homidi46_MN780157
MN780177,Gammatorquevirus_homidi46_MN780177
PP816709,Gammatorquevirus_homidi46_PP816709
MN780150,Gammatorquevirus_homidi47_MN780150
MN780172,Gammatorquevirus_homidi47_MN780172
MN780194,Gammatorquevirus_homidi47_MN780194
MN780357,Gammatorquevirus_homidi47_MN780357
MN778937,Gammatorquevirus_homidi48_MN778937
MN779582,Gammatorquevirus_homidi49_MN779582
MN779263,Gammatorquevirus_homidi30_MN779263
MN165092,Gammatorquevirus_homidi51_MN165092
MN775128,Gammatorquevirus_homidi51_MN775128
MN776955,Gammatorquevirus_homidi51_MN776955
MN777711,Gammatorquevirus_homidi51_MN777711
MN777714,Gammatorquevirus_homidi51_MN777714
MN777764,Gammatorquevirus_homidi51_MN777764
MN777779,Gammatorquevirus_homidi51_MN777779
MN777815,Gammatorquevirus_homidi51_MN777815
MN777826,Gammatorquevirus_homidi51_MN777826
MN778973,Gammatorquevirus_homidi51_MN778973
MN778975,Gammatorquevirus_homidi51_MN778975
MN778981,Gammatorquevirus_homidi51_MN778981
MN778982,Gammatorquevirus_homidi51_MN778982
MN778983,Gammatorquevirus_homidi51_MN778983
MN778984,Gammatorquevirus_homidi51_MN778984
MN778985,Gammatorquevirus_homidi51_MN778985
MN778990,Gammatorquevirus_homidi51_MN778990
MN778991,Gammatorquevirus_homidi51_MN778991
MN778996,Gammatorquevirus_homidi51_MN778996
MN779002,Gammatorquevirus_homidi51_MN779002
MN165101,Gammatorquevirus_homidi52_MN165101
MN774935,Gammatorquevirus_homidi52_MN774935
MN775117,Gammatorquevirus_homidi52_MN775117
MN775144,Gammatorquevirus_homidi52_MN775144
MN775356,Gammatorquevirus_homidi52_MN775356
MN775357,Gammatorquevirus_homidi52_MN775357
MN775358,Gammatorquevirus_homidi52_MN775358
MN775359,Gammatorquevirus_homidi52_MN775359
MN775360,Gammatorquevirus_homidi52_MN775360
MN775361,Gammatorquevirus_homidi52_MN775361
MN775363,Gammatorquevirus_homidi52_MN775363
MN775366,Gammatorquevirus_homidi52_MN775366
MN775371,Gammatorquevirus_homidi52_MN775371
MN775372,Gammatorquevirus_homidi52_MN775372
MN775373,Gammatorquevirus_homidi52_MN775373
MN775377,Gammatorquevirus_homidi52_MN775377
MN775378,Gammatorquevirus_homidi52_MN775378
MN775381,Gammatorquevirus_homidi52_MN775381
MN775382,Gammatorquevirus_homidi52_MN775382
MN775388,Gammatorquevirus_homidi52_MN775388
MN775389,Gammatorquevirus_homidi52_MN775389
MN777795,Gammatorquevirus_homidi52_MN777795
MN777809,Gammatorquevirus_homidi52_MN777809
MN777810,Gammatorquevirus_homidi52_MN777810
MN777980,Gammatorquevirus_homidi52_MN777980
MN778072,Gammatorquevirus_homidi52_MN778072
MN778128,Gammatorquevirus_homidi52_MN778128
MN774981,Gammatorquevirus_homidi53_MN774981
MN777307,Gammatorquevirus_homidi53_MN777307
MN777309,Gammatorquevirus_homidi53_MN777309
MN777315,Gammatorquevirus_homidi53_MN777315
MN777327,Gammatorquevirus_homidi53_MN777327
MN779477,Gammatorquevirus_homidi53_MN779477
MN779478,Gammatorquevirus_homidi53_MN779478
MN779479,Gammatorquevirus_homidi53_MN779479
MN779481,Gammatorquevirus_homidi53_MN779481
MN779482,Gammatorquevirus_homidi53_MN779482
MN779484,Gammatorquevirus_homidi53_MN779484
MN779485,Gammatorquevirus_homidi53_MN779485
MN779488,Gammatorquevirus_homidi53_MN779488
MN779492,Gammatorquevirus_homidi53_MN779492
MN779495,Gammatorquevirus_homidi53_MN779495
MN779496,Gammatorquevirus_homidi53_MN779496
MN779497,Gammatorquevirus_homidi53_MN779497
MN779499,Gammatorquevirus_homidi53_MN779499
MN779506,Gammatorquevirus_homidi53_MN779506
MN779511,Gammatorquevirus_homidi53_MN779511
MN779512,Gammatorquevirus_homidi53_MN779512
MN779522,Gammatorquevirus_homidi53_MN779522
MZ286071,Gammatorquevirus_homidi53_MZ286071
MZ824979,Gammatorquevirus_homidi53_MZ824979
PQ580909,Gammatorquevirus_homidi53_PQ580909
PQ580947,Gammatorquevirus_homidi53_PQ580947
MN775584,Gammatorquevirus_homidi54_MN775584
MN775593,Gammatorquevirus_homidi54_MN775593
MN775594,Gammatorquevirus_homidi54_MN775594
MN775597,Gammatorquevirus_homidi54_MN775597
MN775622,Gammatorquevirus_homidi54_MN775622
MN778083,Gammatorquevirus_homidi54_MN778083
PQ580951,Gammatorquevirus_homidi54_PQ580951
MN774953,Gammatorquevirus_homidi55_MN774953
MN777746,Gammatorquevirus_homidi55_MN777746
MN777987,Gammatorquevirus_homidi55_MN777987
MN778005,Gammatorquevirus_homidi55_MN778005
MN778034,Gammatorquevirus_homidi55_MN778034
MN778038,Gammatorquevirus_homidi55_MN778038
MN778052,Gammatorquevirus_homidi55_MN778052
MN778054,Gammatorquevirus_homidi55_MN778054
MN778108,Gammatorquevirus_homidi55_MN778108
MN778111,Gammatorquevirus_homidi55_MN778111
MN778119,Gammatorquevirus_homidi55_MN778119
MN778978,Gammatorquevirus_homidi55_MN778978
MN777958,Gammatorquevirus_homidi56_MN777958
MN777968,Gammatorquevirus_homidi56_MN777968
MN777969,Gammatorquevirus_homidi56_MN777969
MN777970,Gammatorquevirus_homidi56_MN777970
MN777976,Gammatorquevirus_homidi56_MN777976
MN777978,Gammatorquevirus_homidi56_MN777978
MN777983,Gammatorquevirus_homidi56_MN777983
MN777986,Gammatorquevirus_homidi56_MN777986
MN777989,Gammatorquevirus_homidi56_MN777989
MN777991,Gammatorquevirus_homidi56_MN777991
MN777999,Gammatorquevirus_homidi56_MN777999
MN778022,Gammatorquevirus_homidi56_MN778022
MN778043,Gammatorquevirus_homidi56_MN778043
MN778051,Gammatorquevirus_homidi56_MN778051
MN778055,Gammatorquevirus_homidi56_MN778055
MN778066,Gammatorquevirus_homidi56_MN778066
MN778621,Gammatorquevirus_homidi56_MN778621
OQ064549,Gammatorquevirus_homidi56_OQ064549
MN775586,Gammatorquevirus_homidi57_MN775586
MN775591,Gammatorquevirus_homidi57_MN775591
MN775611,Gammatorquevirus_homidi57_MN775611
MN775620,Gammatorquevirus_homidi57_MN775620
MN778085,Gammatorquevirus_homidi57_MN778085
MN778086,Gammatorquevirus_homidi57_MN778086
OQ064545,Gammatorquevirus_homidi57_OQ064545
MN775339,Gammatorquevirus_homidi58_MN775339
MN775341,Gammatorquevirus_homidi58_MN775341
MN775346,Gammatorquevirus_homidi58_MN775346
MN775348,Gammatorquevirus_homidi58_MN775348
MN778071,Gammatorquevirus_homidi58_MN778071
MN774942,Gammatorquevirus_homidi59_MN774942
MN776141,Gammatorquevirus_homidi59_MN776141
MN779019,Gammatorquevirus_homidi59_MN779019
MN779028,Gammatorquevirus_homidi59_MN779028
MN779901,Gammatorquevirus_homidi59_MN779901
MN775343,Gammatorquevirus_homidi60_MN775343
MN778117,Gammatorquevirus_homidi60_MN778117
MN778129,Gammatorquevirus_homidi60_MN778129
MN779016,Gammatorquevirus_homidi60_MN779016
MN779020,Gammatorquevirus_homidi60_MN779020
MN779022,Gammatorquevirus_homidi60_MN779022
MN779024,Gammatorquevirus_homidi60_MN779024
MN775177,Gammatorquevirus_homidi61_MN775177
KP343821,Gammatorquevirus_homidi62_KP343821
MN774945,Gammatorquevirus_homidi62_MN774945
MN774967,Gammatorquevirus_homidi62_MN774967
MN774968,Gammatorquevirus_homidi62_MN774968
MN774969,Gammatorquevirus_homidi62_MN774969
MN774975,Gammatorquevirus_homidi62_MN774975
MN774994,Gammatorquevirus_homidi62_MN774994
MN774995,Gammatorquevirus_homidi62_MN774995
MN774998,Gammatorquevirus_homidi62_MN774998
MN775496,Gammatorquevirus_homidi62_MN775496
MN775498,Gammatorquevirus_homidi62_MN775498
MN775500,Gammatorquevirus_homidi62_MN775500
MN775502,Gammatorquevirus_homidi62_MN775502
MN775503,Gammatorquevirus_homidi62_MN775503
MN775504,Gammatorquevirus_homidi62_MN775504
MN775505,Gammatorquevirus_homidi62_MN775505
MN775506,Gammatorquevirus_homidi62_MN775506
MN775508,Gammatorquevirus_homidi62_MN775508
MN775509,Gammatorquevirus_homidi62_MN775509
MN775510,Gammatorquevirus_homidi62_MN775510
MN775511,Gammatorquevirus_homidi62_MN775511
MN775512,Gammatorquevirus_homidi62_MN775512
MN775517,Gammatorquevirus_homidi62_MN775517
MN775523,Gammatorquevirus_homidi62_MN775523
MN775525,Gammatorquevirus_homidi62_MN775525
MN775529,Gammatorquevirus_homidi62_MN775529
MN775533,Gammatorquevirus_homidi62_MN775533
MN775536,Gammatorquevirus_homidi62_MN775536
MN775537,Gammatorquevirus_homidi62_MN775537
MN775540,Gammatorquevirus_homidi62_MN775540
MN775543,Gammatorquevirus_homidi62_MN775543
MN775546,Gammatorquevirus_homidi62_MN775546
MN775549,Gammatorquevirus_homidi62_MN775549
MN775556,Gammatorquevirus_homidi62_MN775556
MN775559,Gammatorquevirus_homidi62_MN775559
MN775561,Gammatorquevirus_homidi62_MN775561
MN775562,Gammatorquevirus_homidi62_MN775562
MN775567,Gammatorquevirus_homidi62_MN775567
MN775575,Gammatorquevirus_homidi62_MN775575
MN775577,Gammatorquevirus_homidi62_MN775577
MN775582,Gammatorquevirus_homidi62_MN775582
MN776425,Gammatorquevirus_homidi62_MN776425
MN776428,Gammatorquevirus_homidi62_MN776428
MN776429,Gammatorquevirus_homidi62_MN776429
MN776430,Gammatorquevirus_homidi62_MN776430
MN776435,Gammatorquevirus_homidi62_MN776435
MN776440,Gammatorquevirus_homidi62_MN776440
MN776459,Gammatorquevirus_homidi62_MN776459
MN776584,Gammatorquevirus_homidi62_MN776584
MN776585,Gammatorquevirus_homidi62_MN776585
MN777283,Gammatorquevirus_homidi62_MN777283
MN777284,Gammatorquevirus_homidi62_MN777284
MN777298,Gammatorquevirus_homidi62_MN777298
MN777305,Gammatorquevirus_homidi62_MN777305
MN778465,Gammatorquevirus_homidi62_MN778465
MN780099,Gammatorquevirus_homidi62_MN780099
MN780100,Gammatorquevirus_homidi62_MN780100
MN780105,Gammatorquevirus_homidi62_MN780105
MN780110,Gammatorquevirus_homidi62_MN780110
MN780111,Gammatorquevirus_homidi62_MN780111
MN780384,Gammatorquevirus_homidi62_MN780384
OK574389,Gammatorquevirus_homidi62_OK574389
MN776420,Gammatorquevirus_homidi63_MN776420
MN776423,Gammatorquevirus_homidi63_MN776423
MN776424,Gammatorquevirus_homidi63_MN776424
MN776426,Gammatorquevirus_homidi63_MN776426
MN776427,Gammatorquevirus_homidi63_MN776427
MN776431,Gammatorquevirus_homidi63_MN776431
MN776432,Gammatorquevirus_homidi63_MN776432
MN776433,Gammatorquevirus_homidi63_MN776433
MN776436,Gammatorquevirus_homidi63_MN776436
MN776438,Gammatorquevirus_homidi63_MN776438
MN776446,Gammatorquevirus_homidi63_MN776446
MN776447,Gammatorquevirus_homidi63_MN776447
MN776449,Gammatorquevirus_homidi63_MN776449
MN776451,Gammatorquevirus_homidi63_MN776451
MN776458,Gammatorquevirus_homidi63_MN776458
MN776491,Gammatorquevirus_homidi63_MN776491
MN776492,Gammatorquevirus_homidi63_MN776492
OK574377,Gammatorquevirus_homidi63_OK574377
KT163882,Gammatorquevirus_homidi64_KT163882
MN776883,Gammatorquevirus_homidi64_MN776883
MN774948,Gammatorquevirus_homidi65_MN774948
MN775079,Gammatorquevirus_homidi65_MN775079
MN775973,Gammatorquevirus_homidi65_MN775973
MN776311,Gammatorquevirus_homidi65_MN776311
MN776313,Gammatorquevirus_homidi65_MN776313
MN776330,Gammatorquevirus_homidi65_MN776330
MN776331,Gammatorquevirus_homidi65_MN776331
MN780373,Gammatorquevirus_homidi65_MN780373
MN780374,Gammatorquevirus_homidi65_MN780374
MN780390,Gammatorquevirus_homidi65_MN780390
MN776254,Gammatorquevirus_homidi20_MN776254
MN776359,Gammatorquevirus_homidi31_MN776359
MN776361,Gammatorquevirus_homidi31_MN776361
MN776364,Gammatorquevirus_homidi31_MN776364
MN779491,Gammatorquevirus_homidi53_MN779491
BK069082,Gammatorquevirus_homidi16_BK069082
BK069091,Gammatorquevirus_homidi16_BK069091
BK069100,Gammatorquevirus_homidi16_BK069100
BK069164,Gammatorquevirus_homidi16_BK069164
BK069267,Gammatorquevirus_homidi16_BK069267
BK069546,Gammatorquevirus_homidi16_BK069546
BK069740,Gammatorquevirus_homidi16_BK069740
MN778164,Gammatorquevirus_homidi16_MN778164
MN778234,Gammatorquevirus_homidi16_MN778234
MN780121,Gammatorquevirus_homidi16_MN780121
MZ824992,Gammatorquevirus_homidi16_MZ824992
MZ825028,Gammatorquevirus_homidi16_MZ825028
BK069319,Gammatorquevirus_homidi17_BK069319
BK069813,Gammatorquevirus_homidi17_BK069813
MN774963,Gammatorquevirus_homidi17_MN774963
BK069357,Gammatorquevirus_homidi18_BK069357
MN775726,Gammatorquevirus_homidi18_MN775726
BK069106,Gammatorquevirus_homidi20_BK069106
BK069272,Gammatorquevirus_homidi21_BK069272
BK069108,Gammatorquevirus_homidi22_BK069108
BK069120,Gammatorquevirus_homidi23_BK069120
OK574345,Gammatorquevirus_homidi23_OK574345
BK069284,Gammatorquevirus_homidi25_BK069284
MN775893,Gammatorquevirus_homidi25_MN775893
MZ286068,Gammatorquevirus_homidi25_MZ286068
BK069241,Gammatorquevirus_homidi26_BK069241
BK069352,Gammatorquevirus_homidi26_BK069352
BK069270,Gammatorquevirus_homidi27_BK069270
BK069358,Gammatorquevirus_homidi30_BK069358
MN775927,Gammatorquevirus_homidi30_MN775927
PP816718,Gammatorquevirus_homidi30_PP816718
PP857075,Gammatorquevirus_homidi30_PP857075
MZ286217,Gammatorquevirus_homidi31_MZ286217
BK069384,Gammatorquevirus_homidi32_BK069384
MN776405,Gammatorquevirus_homidi32_MN776405
BK069327,Gammatorquevirus_homidi38_BK069327
BK069291,Gammatorquevirus_homidi41_BK069291
BK069353,Gammatorquevirus_homidi45_BK069353
BK069779,Gammatorquevirus_homidi45_BK069779
MN779997,Gammatorquevirus_homidi45_MN779997
BK069362,Gammatorquevirus_homidi46_BK069362
MN780231,Gammatorquevirus_homidi46_MN780231
BK069176,Gammatorquevirus_homidi47_BK069176
BK069320,Gammatorquevirus_homidi51_BK069320
BK069380,Gammatorquevirus_homidi51_BK069380
MN777767,Gammatorquevirus_homidi51_MN777767
BK069234,Gammatorquevirus_homidi52_BK069234
BK069303,Gammatorquevirus_homidi52_BK069303
MN775364,Gammatorquevirus_homidi52_MN775364
MN778112,Gammatorquevirus_homidi52_MN778112
MN777306,Gammatorquevirus_homidi53_MN777306
MN779502,Gammatorquevirus_homidi53_MN779502
BK069297,Gammatorquevirus_homidi54_BK069297
BK069375,Gammatorquevirus_homidi54_BK069375
BK069238,Gammatorquevirus_homidi55_BK069238
MN778118,Gammatorquevirus_homidi55_MN778118
BK069334,Gammatorquevirus_homidi56_BK069334
MN778048,Gammatorquevirus_homidi56_MN778048
MN778096,Gammatorquevirus_homidi56_MN778096
BK069295,Gammatorquevirus_homidi57_BK069295
MN778142,Gammatorquevirus_homidi58_MN778142
BK069332,Gammatorquevirus_homidi62_BK069332
BK069719,Gammatorquevirus_homidi62_BK069719
MN775530,Gammatorquevirus_homidi62_MN775530
MN776483,Gammatorquevirus_homidi62_MN776483
MN777295,Gammatorquevirus_homidi62_MN777295
MN780103,Gammatorquevirus_homidi62_MN780103
MN780385,Gammatorquevirus_homidi62_MN780385
BK069345,Gammatorquevirus_homidi63_BK069345
BK069207,Gammatorquevirus_homidi65_BK069207
MN776324,Gammatorquevirus_homidi65_MN776324
BK069612,Unclassified-TTMDV-003D_BK069612
MN779589,Gammatorquevirus_homidi41_MN779589
MN777988,Unclassified-TTMDV-012C_MN777988
MK212032,Hetorquevirus_hominid2_MK212032
MN770248,Hetorquevirus_hominid3_MN770248
MN771617,Hetorquevirus_hominid3_MN771617
MN771204,Hetorquevirus_hominid4_MN771204
MN771277,Hetorquevirus_hominid4_MN771277
MN773512,Hetorquevirus_hominid4_MN773512
MN769310,Hetorquevirus_hominid5_MN769310
MN768580,Hetorquevirus_hominid6_MN768580
MN768724,Hetorquevirus_hominid6_MN768724
PP857194,Hetorquevirus_hominid6_PP857194
MN774989,Lamedtorquevirus_hominid11_MN774989
MN780433,Lamedtorquevirus_hominid11_MN780433
MN780435,Lamedtorquevirus_hominid11_MN780435
MN780450,Lamedtorquevirus_hominid11_MN780450
MN780462,Lamedtorquevirus_hominid11_MN780462
PP857193,Lamedtorquevirus_hominid11_PP857193
MN775075,Memtorquevirus_hominid12_MN775075
MN775076,Memtorquevirus_hominid12_MN775076
MN774928,Memtorquevirus_hominid13_MN774928
MN778903,Memtorquevirus_hominid13_MN778903
MN778904,Memtorquevirus_hominid13_MN778904
MN778905,Memtorquevirus_hominid13_MN778905
MN778910,Memtorquevirus_hominid13_MN778910
MN778911,Memtorquevirus_hominid13_MN778911
MN778915,Memtorquevirus_hominid13_MN778915
MN778918,Memtorquevirus_hominid13_MN778918
MN774930,Memtorquevirus_hominid14_MN774930
MN774938,Memtorquevirus_hominid14_MN774938
MN774939,Memtorquevirus_hominid14_MN774939
MN774992,Memtorquevirus_hominid14_MN774992
MN775059,Memtorquevirus_hominid14_MN775059
MN775060,Memtorquevirus_hominid14_MN775060
MN775061,Memtorquevirus_hominid14_MN775061
MN775063,Memtorquevirus_hominid14_MN775063
MN775064,Memtorquevirus_hominid14_MN775064
MN775068,Memtorquevirus_hominid14_MN775068
PP728782,Memtorquevirus_hominid14_PP728782
PP816719,Memtorquevirus_hominid14_PP816719
MN775069,Memtorquevirus_hominid14_MN775069
KT027939,Omegatorquevirus_hominid1_KT027939
KT027940,Omegatorquevirus_hominid19_KT027940
MN768665,Sadetorquevirus_hominid7_MN768665
MN774387,Sadetorquevirus_hominid7_MN774387
MN768709,Sadetorquevirus_hominid8_MN768709
MN768947,Sadetorquevirus_hominid8_MN768947
MN769236,Sadetorquevirus_hominid8_MN769236
MN771373,Sadetorquevirus_hominid8_MN771373
MN774929,Samektorquevirus_hominid15_MN774929
MN774932,Samektorquevirus_hominid15_MN774932
MN774933,Samektorquevirus_hominid15_MN774933
MN779237,Samektorquevirus_hominid15_MN779237
MN779243,Samektorquevirus_hominid15_MN779243
MN779249,Samektorquevirus_hominid15_MN779249
MN779252,Samektorquevirus_hominid15_MN779252
BK069716,Samektorquevirus_hominid15_BK069716
MN776114,Samektorquevirus_hominid16_MN776114
MN776116,Samektorquevirus_hominid16_MN776116
MN776118,Samektorquevirus_hominid16_MN776118
MN776119,Samektorquevirus_hominid16_MN776119
PP728776,Samektorquevirus_hominid16_PP728776
MN774956,Samektorquevirus_hominid17_MN774956
MN776113,Samektorquevirus_hominid17_MN776113
MN776120,Samektorquevirus_hominid17_MN776120
MN776121,Samektorquevirus_hominid17_MN776121
MN776131,Samektorquevirus_hominid17_MN776131
MN776877,Samektorquevirus_hominid17_MN776877
PP728779,Samektorquevirus_hominid17_PP728779
PP728780,Samektorquevirus_hominid17_PP728780
KP343820,Samektorquevirus_hominid18_KP343820
MN774934,Samektorquevirus_hominid18_MN774934
MN774959,Samektorquevirus_hominid18_MN774959
MN774988,Samektorquevirus_hominid18_MN774988
MN779276,Samektorquevirus_hominid18_MN779276
MN779281,Samektorquevirus_hominid18_MN779281
MN779282,Samektorquevirus_hominid18_MN779282
MN779286,Samektorquevirus_hominid18_MN779286
MN779293,Samektorquevirus_hominid18_MN779293
MN779299,Samektorquevirus_hominid18_MN779299
MN779300,Samektorquevirus_hominid18_MN779300
MN779304,Samektorquevirus_hominid18_MN779304
MN779306,Samektorquevirus_hominid18_MN779306
MN779310,Samektorquevirus_hominid18_MN779310
MN779316,Samektorquevirus_hominid18_MN779316
BK069260,Samektorquevirus_hominid18_BK069260
MN773812,Yodtorquevirus_hominid9_MN773812
MN770091,Yodtorquevirus_hominid10_MN770091
AB041961,Zetatorquevirus_aotid1_AB041961
